"shortName","title","sources","categories","dataType","status","publicStatus","publishDate","modifiedDate"
"abcd_dmriqc01","ABCD  dMRI Post Processing QC","ABCD Release 4.0","Evaluated Data","Neurosignal Recordings","Published","Submission not Allowed","2021-06-24T13:43:27.000+0000","2022-10-04T19:19:21.558+0000"
"abcd_drsip101","ABCD  dMRI RSI Part 1","ABCD Release 4.0","Evaluated Data","Neurosignal Recordings","Published","Submission not Allowed","2021-06-24T13:47:03.000+0000","2022-10-04T19:19:21.558+0000"
"abcd_drsip201","ABCD  dMRI RSI Part 2","ABCD Release 4.0","Evaluated Data","Neurosignal Recordings","Published","Submission not Allowed","2021-06-24T13:52:02.000+0000","2022-10-04T19:19:21.558+0000"
"abcd_drsip301","ABCD  dMRI RSI Part 3","ABCD Release 4.0","Evaluated Data","Neurosignal Recordings","Published","Submission not Allowed","2021-06-24T17:28:51.000+0000","2022-10-04T19:19:21.558+0000"
"abcd_drsip401","ABCD  dMRI RSI Part 4","ABCD Release 4.0","Evaluated Data","Neurosignal Recordings","Published","Submission not Allowed","2021-06-24T20:48:26.000+0000","2022-10-04T19:19:21.558+0000"
"abcd_drsip701","ABCD  dMRI RSI Part 7","ABCD Release 4.0","Evaluated Data","Neurosignal Recordings","Published","Submission not Allowed","2021-06-24T20:52:34.000+0000","2022-10-04T19:19:21.558+0000"
"abcd_mrisdp10201","ABCD  sMRI Destrieux Parcellation Part 1","ABCD Release 4.0","Evaluated Data","Neurosignal Recordings","Published","Submission not Allowed","2021-06-24T21:07:40.000+0000","2022-10-04T19:19:21.558+0000"
"abcd_mrisdp20201","ABCD  sMRI Destrieux Parcellation Part 2","ABCD Release 4.0","Evaluated Data","Neurosignal Recordings","Published","Submission not Allowed","2021-06-24T21:11:18.000+0000","2022-10-04T19:19:21.558+0000"
"abcd_smrip10201","ABCD  sMRI Part 1","ABCD Release 4.0","Evaluated Data","Neurosignal Recordings","Published","Submission not Allowed","2021-06-24T21:14:04.000+0000","2022-10-04T19:19:21.558+0000"
"abcd_smrip20201","ABCD  sMRI Part 2","ABCD Release 4.0","Evaluated Data","Neurosignal Recordings","Published","Submission not Allowed","2021-06-24T21:17:16.000+0000","2022-10-04T19:19:21.558+0000"
"abcd_abcls01","ABCD ABCL Scores","c(""ABCD Release 3.0"", ""ABCD Release 4.0"")","Parenting","Clinical Assessments","Published","Submission not Allowed","2020-04-13T16:57:02.000+0000","2022-10-04T19:19:21.558+0000"
"acspsw03","ABCD ACS Post Stratification Weights","c(""ABCD Release 2.0"", ""ABCD Release 3.0"", ""ABCD Release 4.0"")","Socioeconomic","Clinical Assessments","Published","Submission not Allowed","2019-01-12T18:38:45.000+0000","2022-10-04T19:19:21.558+0000"
"abcd_adbc01","ABCD Adult Behavior Checklist","c(""ABCD Release 3.0"", ""ABCD Release 4.0"")","Behavior","Clinical Assessments","Published","Submission not Allowed","2020-06-16T16:17:45.000+0000","2022-10-04T19:19:21.558+0000"
"abcd_bird_tlbd01","ABCD BIRD task Trial Level Behavior Data","ABCD Release 4.0","Trial-level Behavior","Clinical Assessments","Published","Submission not Allowed","2022-09-07T15:49:26.000+0000","2022-10-04T19:19:21.558+0000"
"barkley_exec_func01","ABCD Barkley Deficits in Executive Functioning Scale","ABCD Release 4.0","Cognitive","Clinical Assessments","Published","Submission not Allowed","2021-05-06T17:08:09.000+0000","2022-10-04T19:19:21.558+0000"
"breast_feeding01","ABCD Breastfeeding Questionnaire","ABCD Release 4.0","Parenting","Clinical Assessments","Published","Submission not Allowed","2021-05-06T17:10:59.000+0000","2022-10-04T19:19:21.558+0000"
"abcd_bpmt01","ABCD Brief Problem Monitor-Teacher Form For Ages 6-18 (BPMT)","c(""ABCD Release 2.0"", ""ABCD Release 3.0"", ""ABCD Release 4.0"")","Behavior","Clinical Assessments","Published","Submission not Allowed","2017-11-30T19:02:57.000+0000","2022-10-04T19:19:21.558+0000"
"cct01","ABCD Cash Choice Task","c(""ABCD Release 2.0"", ""ABCD Release 3.0"", ""ABCD Release 4.0"")","Cognitive","Clinical Assessments","Published","Submission not Allowed","2017-10-24T18:53:02.000+0000","2022-10-04T19:19:21.558+0000"
"abcd_cna01","ABCD Child Nutrition Assessment","c(""ABCD Release 2.0"", ""ABCD Release 3.0"", ""ABCD Release 4.0"")","Food","Clinical Assessments","Published","Submission not Allowed","2019-01-22T18:45:57.000+0000","2022-10-04T19:19:21.558+0000"
"crpbi01","ABCD Children's Report of Parental Behavioral Inventory","c(""ABCD Release 2.0"", ""ABCD Release 3.0"", ""ABCD Release 4.0"")","Parenting","Clinical Assessments","Published","Submission not Allowed","2017-11-09T17:28:07.000+0000","2022-10-04T19:19:21.558+0000"
"covid19_fitbit_survey01","ABCD Covid 19 Fitbit Survey","ABCD Release 4.0","Activity","Clinical Assessments","Published","Submission not Allowed","2021-05-06T17:14:21.000+0000","2022-10-04T19:19:21.558+0000"
"covid19_geocoded_data01","ABCD Covid 19 Geocoded Data","ABCD Release 4.0","Linked Data","Clinical Assessments","Published","Submission not Allowed","2021-05-06T17:49:14.000+0000","2022-10-04T19:19:21.558+0000"
"abcd_cb01","ABCD Cyber Bully","c(""ABCD Release 3.0"", ""ABCD Release 4.0"")","Aggression","Clinical Assessments","Published","Submission not Allowed","2020-04-07T21:29:27.000+0000","2022-10-04T19:19:21.558+0000"
"abcd_ddtlb01","ABCD Delay Discounting Trial Level Behavior","c(""ABCD Release 3.0"", ""ABCD Release 4.0"")","Task Based","Clinical Assessments","Published","Submission not Allowed","2020-04-13T17:04:14.000+0000","2022-10-04T19:19:21.558+0000"
"dhx01","ABCD Developmental History Questionnaire","c(""ABCD Release 2.0"", ""ABCD Release 3.0"", ""ABCD Release 4.0"")","Med History","Clinical Assessments","Published","Submission not Allowed","2017-11-15T22:06:51.000+0000","2022-10-04T19:19:21.558+0000"
"diff_emotion_reg_p01","ABCD Difficulty in Emotion Regulation","ABCD Release 4.0","Emotions","Clinical Assessments","Published","Submission not Allowed","2021-05-06T17:55:17.000+0000","2022-10-04T19:19:21.558+0000"
"abcd_eatqp01","ABCD Early Adolescent Temperament Questionnaire Parent","c(""ABCD Release 3.0"", ""ABCD Release 4.0"")","Personality","Clinical Assessments","Published","Submission not Allowed","2020-04-13T16:39:22.000+0000","2022-10-04T19:19:21.558+0000"
"emotion_reg_erq_feelings01","ABCD Emotion Regulation Questionnaire","ABCD Release 4.0","Emotions","Clinical Assessments","Published","Submission not Allowed","2021-05-06T18:00:55.000+0000","2022-10-04T19:19:21.558+0000"
"abcd_esttlb01","ABCD Emotional Stroop Task Trial Level Behavior","c(""ABCD Release 3.0"", ""ABCD Release 4.0"")","Task Based","Clinical Assessments","Published","Submission not Allowed","2020-04-13T17:47:07.000+0000","2022-10-04T19:19:21.558+0000"
"fhxp102","ABCD Family History  Assessment Part 1","c(""ABCD Release 2.0"", ""ABCD Release 3.0"", ""ABCD Release 4.0"")","Med History","Clinical Assessments","Published","Submission not Allowed","2019-01-12T01:03:51.000+0000","2022-10-04T19:19:21.558+0000"
"fhxp201","ABCD Family History Assessment Part 2","c(""ABCD Release 2.0"", ""ABCD Release 3.0"", ""ABCD Release 4.0"")","Med History","Clinical Assessments","Published","Submission not Allowed","2017-11-16T22:09:14.000+0000","2022-10-04T19:19:21.558+0000"
"abcd_flankerms_tlbd01","ABCD Flanker Millisecond task Trial Level Behavior Data","ABCD Release 4.0","Trial-level Behavior","Clinical Assessments","Published","Submission not Allowed","2022-09-07T15:51:08.000+0000","2022-10-04T19:19:21.558+0000"
"abcd_screen02","ABCD Follow-Up Scheduling Screener","c(""ABCD Release 3.0"", ""ABCD Release 4.0"")","Questionnaire","Clinical Assessments","Published","Submission not Allowed","2020-06-29T19:34:24.000+0000","2022-10-04T19:19:21.558+0000"
"abcd_fsurfqc01","ABCD FreeSurfer QC","ABCD Release 4.0","Evaluated Data","Neurosignal Recordings","Published","Submission not Allowed","2021-06-25T09:08:15.000+0000","2022-10-04T19:19:21.558+0000"
"abcd_gdss01","ABCD Game of Dice Summary Scores","c(""ABCD Release 3.0"", ""ABCD Release 4.0"")","Task Based","Clinical Assessments","Published","Submission not Allowed","2020-04-08T20:53:38.000+0000","2022-10-04T19:19:21.558+0000"
"abcd_gdtlb01","ABCD Game of Dice Trial Level Behavior","c(""ABCD Release 3.0"", ""ABCD Release 4.0"")","Task Based","Clinical Assessments","Published","Submission not Allowed","2020-04-13T17:48:43.000+0000","2022-10-04T19:19:21.558+0000"
"abcd_hsss01","ABCD Hormone Saliva Salimetric Scores","c(""ABCD Release 2.0"", ""ABCD Release 3.0"", ""ABCD Release 4.0"")","Phys Exam","Clinical Assessments","Published","Submission not Allowed","2017-11-30T21:03:35.000+0000","2022-10-04T19:19:21.558+0000"
"internat_physical_activ01","ABCD International Physical Activity Questionnaire","ABCD Release 4.0","Activity","Clinical Assessments","Published","Submission not Allowed","2021-05-07T18:17:01.000+0000","2022-10-04T19:19:21.558+0000"
"abcd_isc01","ABCD Irma Substudy Child","c(""ABCD Release 2.0"", ""ABCD Release 3.0"", ""ABCD Release 4.0"")","Questionnaire","Clinical Assessments","Published","Submission not Allowed","2019-01-09T23:27:13.000+0000","2022-10-04T19:19:21.558+0000"
"abcd_ip01","ABCD Irma Substudy Parent","c(""ABCD Release 2.0"", ""ABCD Release 3.0"", ""ABCD Release 4.0"")","Questionnaire","Clinical Assessments","Published","Submission not Allowed","2019-01-09T23:36:57.000+0000","2022-10-04T19:19:21.558+0000"
"ksads2daic_use_only_p01","ABCD Kiddie Schedule for Affective Disorders and Schizophrenia 5 Parent","ABCD Release 4.0","Diagnostic","Clinical Assessments","Published","Submission not Allowed","2021-05-18T08:51:44.000+0000","2022-10-04T19:19:21.558+0000"
"ksads2daic_use_only01","ABCD Kiddie Schedule for Affective Disorders and Schizophrenia 5 Youth","ABCD Release 4.0","Mental Health","Clinical Assessments","Published","Submission not Allowed","2021-05-18T08:56:34.000+0000","2022-10-04T19:19:21.558+0000"
"lmtp201","ABCD Little Man Task Summary Scores","c(""ABCD Release 2.0"", ""ABCD Release 3.0"", ""ABCD Release 4.0"")","Task Based","Clinical Assessments","Published","Submission not Allowed","2017-11-20T22:12:12.000+0000","2022-10-04T19:19:21.558+0000"
"abcd_lmtlb01","ABCD Little Man Task Trial Level Behavior","c(""ABCD Release 3.0"", ""ABCD Release 4.0"")","Task Based","Clinical Assessments","Published","Submission not Allowed","2020-04-13T17:52:24.000+0000","2022-10-04T19:19:21.558+0000"
"abcd_lpds01","ABCD Longitudinal Parent Demographics Survey","c(""ABCD Release 2.0"", ""ABCD Release 3.0"", ""ABCD Release 4.0"")","Demographics","Clinical Assessments","Published","Submission not Allowed","2019-01-22T23:01:39.000+0000","2022-10-04T19:19:21.558+0000"
"abcd_lpksad01","ABCD Longitudinal Parent Diagnostic Interview for DSM-5 Background Items Full (KSAD)","c(""ABCD Release 2.0"", ""ABCD Release 3.0"", ""ABCD Release 4.0"")","Diagnostic","Clinical Assessments","Published","Submission not Allowed","2019-01-22T19:09:31.000+0000","2022-10-04T19:19:21.558+0000"
"abcd_lpmh01","ABCD Longitudinal Parent Medical History Questionnaire","c(""ABCD Release 2.0"", ""ABCD Release 3.0"", ""ABCD Release 4.0"")","Med History","Clinical Assessments","Published","Submission not Allowed","2019-01-12T15:42:43.000+0000","2022-10-04T19:19:21.558+0000"
"abcd_lpohstbi01","ABCD Longitudinal Parent Ohio State Traumatic Brain Injury Screen-Short Modified (OTBI)","c(""ABCD Release 2.0"", ""ABCD Release 3.0"", ""ABCD Release 4.0"")","Trauma","Clinical Assessments","Published","Submission not Allowed","2019-01-22T18:47:58.000+0000","2022-10-04T19:19:21.558+0000"
"abcd_lpsaiq01","ABCD Longitudinal Parent Sports and Activities Involvement Questionnaire (SAIQ)","c(""ABCD Release 2.0"", ""ABCD Release 3.0"", ""ABCD Release 4.0"")","Activity","Clinical Assessments","Published","Submission not Allowed","2019-01-22T18:43:44.000+0000","2022-10-04T19:19:21.558+0000"
"abcd_lssmh01","ABCD Longitudinal Summary Scores Medical History","c(""ABCD Release 2.0"", ""ABCD Release 3.0"", ""ABCD Release 4.0"")","Med History","Clinical Assessments","Published","Submission not Allowed","2019-01-22T17:21:26.000+0000","2022-10-04T19:19:21.558+0000"
"abcd_lsssa01","ABCD Longitudinal Summary Scores Sports Activity","c(""ABCD Release 2.0"", ""ABCD Release 3.0"", ""ABCD Release 4.0"")","Activity","Clinical Assessments","Published","Submission not Allowed","2019-01-22T17:37:27.000+0000","2022-10-04T19:19:21.558+0000"
"abcd_lsstbi01","ABCD Longitudinal Summary Scores Traumatic Brain Injury","c(""ABCD Release 2.0"", ""ABCD Release 3.0"", ""ABCD Release 4.0"")","Trauma","Clinical Assessments","Published","Submission not Allowed","2019-01-22T17:32:45.000+0000","2022-10-04T19:19:21.558+0000"
"abcd_lt01","ABCD Longitudinal Tracking","c(""ABCD Release 2.0"", ""ABCD Release 3.0"", ""ABCD Release 4.0"")","Summary","Clinical Assessments","Published","Submission not Allowed","2018-07-19T20:27:20.000+0000","2022-10-04T19:19:21.558+0000"
"abcd_mrfindings02","ABCD MR Findings","c(""ABCD Release 3.0"", ""ABCD Release 4.0"")","Summary","Clinical Assessments","Published","Submission not Allowed","2020-04-29T16:01:40.000+0000","2022-10-04T19:19:21.558+0000"
"abcd_mri01","ABCD MRI Info","c(""ABCD Release 2.0"", ""ABCD Release 3.0"", ""ABCD Release 4.0"")","Summary","Neurosignal Recordings","Published","Submission not Allowed","2018-07-02T16:03:45.000+0000","2022-10-04T19:19:21.558+0000"
"abcd_mte01","ABCD Mobil Tech from EARS Company","c(""ABCD Release 3.0"", ""ABCD Release 4.0"")","Questionnaire","Clinical Assessments","Published","Submission not Allowed","2020-04-08T21:41:38.000+0000","2022-10-04T19:19:21.558+0000"
"abcd_earsraw01","ABCD Mobil Tech from EARS Raw Data","c(""ABCD Release 3.0"", ""ABCD Release 4.0"")","Task Based","Neurosignal Recordings","Published","Submission not Allowed","2020-07-06T18:38:19.000+0000","2022-10-04T19:19:21.558+0000"
"abcd_mtv01","ABCD Mobil Tech from Vibrent Company","c(""ABCD Release 3.0"", ""ABCD Release 4.0"")","Questionnaire","Clinical Assessments","Published","Submission not Allowed","2020-04-09T17:41:38.000+0000","2022-10-04T19:19:21.558+0000"
"multigrp_ethnic_id_meim01","ABCD Multi-Group Ethnic Identity-Revised (MEIM-R)","ABCD Release 4.0","Cultural Identity","Clinical Assessments","Published","Submission not Allowed","2021-05-11T15:35:31.000+0000","2022-10-04T19:19:21.558+0000"
"neglectful_behavior01","ABCD Multidimensional Neglectful Behavior Scale","ABCD Release 4.0","Parenting","Clinical Assessments","Published","Submission not Allowed","2021-05-11T15:38:01.000+0000","2022-10-04T19:19:21.558+0000"
"abcd_tb_tlb01","ABCD NIH Toolbox Trial Level Behavior","c(""ABCD Release 3.0"", ""ABCD Release 4.0"")","Cognitive","Clinical Assessments","Published","Submission not Allowed","2020-04-13T17:56:54.000+0000","2022-10-04T19:19:21.558+0000"
"abcd_occsp01","ABCD Occupation Survey Parent","c(""ABCD Release 3.0"", ""ABCD Release 4.0"")","Questionnaire","Clinical Assessments","Published","Submission not Allowed","2020-04-09T18:42:58.000+0000","2022-10-04T19:19:21.558+0000"
"abcd_ysr01","ABCD Other Resilience","c(""ABCD Release 2.0"", ""ABCD Release 3.0"", ""ABCD Release 4.0"")","Social Adjustment","Clinical Assessments","Published","Submission not Allowed","2017-12-04T22:04:45.000+0000","2022-10-04T19:19:21.558+0000"
"abcd_pq01","ABCD Pain Questionnaire","c(""ABCD Release 3.0"", ""ABCD Release 4.0"")","Pain","Clinical Assessments","Published","Submission not Allowed","2020-04-09T19:43:34.000+0000","2022-10-04T19:19:21.558+0000"
"pacc01","ABCD Parent Acculturation Survey Modified from PhenX (ACC)","c(""ABCD Release 2.0"", ""ABCD Release 3.0"", ""ABCD Release 4.0"")","Questionnaire","Clinical Assessments","Published","Submission not Allowed","2017-11-30T17:26:54.000+0000","2022-10-04T19:19:21.558+0000"
"pasr01","ABCD Parent Adult Self Report Raw Scores Aseba (ASR) ","c(""ABCD Release 2.0"", ""ABCD Release 3.0"", ""ABCD Release 4.0"")","Questionnaire","Clinical Assessments","Published","Submission not Allowed","2017-11-30T17:43:33.000+0000","2022-10-04T19:19:21.558+0000"
"abcd_asrs01","ABCD Parent Adult Self Report Scores Aseba (ASR)","c(""ABCD Release 2.0"", ""ABCD Release 3.0"", ""ABCD Release 4.0"")","Questionnaire","Clinical Assessments","Published","Submission not Allowed","2017-11-30T17:52:48.000+0000","2022-10-04T19:19:21.558+0000"
"abcd_cbcl01","ABCD Parent Child Behavior Checklist Raw Scores Aseba (CBCL)","c(""ABCD Release 2.0"", ""ABCD Release 3.0"", ""ABCD Release 4.0"")","Behavior","Clinical Assessments","Published","Submission not Allowed","2017-11-30T19:51:19.000+0000","2022-10-04T19:19:21.558+0000"
"abcd_cbcls01","ABCD Parent Child Behavior Checklist Scores Aseba (CBCL)","c(""ABCD Release 2.0"", ""ABCD Release 3.0"", ""ABCD Release 4.0"")","Behavior","Clinical Assessments","Published","Submission not Allowed","2018-01-17T20:46:36.000+0000","2022-10-04T19:19:21.558+0000"
"abcd_crpf01","ABCD Parent Community Risk and Protective Factors (CRPF)","c(""ABCD Release 2.0"", ""ABCD Release 3.0"", ""ABCD Release 4.0"")","Questionnaire","Clinical Assessments","Published","Submission not Allowed","2017-12-04T16:57:00.000+0000","2022-10-04T19:19:21.558+0000"
"pdem02","ABCD Parent Demographics Survey","c(""ABCD Release 2.0"", ""ABCD Release 3.0"", ""ABCD Release 4.0"")","Demographics","Clinical Assessments","Published","Submission not Allowed","2018-07-09T17:15:42.000+0000","2022-10-04T19:19:21.558+0000"
"attn_deficit_hyperactiv_p01","ABCD Parent Diagnostic Interview for DSM-5 (KSADS) ADHD Individual Questions","ABCD Release 4.0","ADHD","Clinical Assessments","Published","Submission not Allowed","2021-05-06T18:39:34.000+0000","2022-10-04T19:19:21.558+0000"
"agoraphobia_p01","ABCD Parent Diagnostic Interview for DSM-5 (KSADS) Agoraphobia Individual Questions","ABCD Release 4.0","Mental Health","Clinical Assessments","Published","Submission not Allowed","2021-05-06T18:24:37.000+0000","2022-10-04T19:19:21.558+0000"
"alcohol_use_disorder_p01","ABCD Parent Diagnostic Interview for DSM-5 (KSADS) Alcohol Use Disorder Individual Questions","ABCD Release 4.0","Substance Use","Clinical Assessments","Published","Submission not Allowed","2021-05-06T18:48:27.000+0000","2022-10-04T19:19:21.558+0000"
"autism_spectrum_dis_p01","ABCD Parent Diagnostic Interview for DSM-5 (KSADS) Autism Spectrum Disorders Individual Questions","ABCD Release 4.0","Autism Spectrum Disorders","Clinical Assessments","Published","Submission not Allowed","2021-05-06T18:40:31.000+0000","2022-10-04T19:19:21.558+0000"
"bipolar_disorders_p01","ABCD Parent Diagnostic Interview for DSM-5 (KSADS) Bipolar Disorders Individual Questions","ABCD Release 4.0","Mental Health","Clinical Assessments","Published","Submission not Allowed","2021-05-06T18:50:06.000+0000","2022-10-04T19:19:21.558+0000"
"disruptive_mood_dysreg_p01","ABCD Parent Diagnostic Interview for DSM-5 (KSADS) DMDD Individual Questions","ABCD Release 4.0","Emotions","Clinical Assessments","Published","Submission not Allowed","2021-05-07T18:21:05.000+0000","2022-10-04T19:19:21.558+0000"
"depressive_disorders_p01","ABCD Parent Diagnostic Interview for DSM-5 (KSADS) Depressive Disorders Individual Questions","ABCD Release 4.0","Mental Health","Clinical Assessments","Published","Submission not Allowed","2021-05-07T18:20:05.000+0000","2022-10-04T19:19:21.558+0000"
"drug_use_disorders_p01","ABCD Parent Diagnostic Interview for DSM-5 (KSADS) Drug Use Disorder Individual Questions","ABCD Release 4.0","Substance Use","Clinical Assessments","Published","Submission not Allowed","2021-05-14T10:51:47.000+0000","2022-10-04T19:19:21.558+0000"
"eating_disorders_p01","ABCD Parent Diagnostic Interview for DSM-5 (KSADS) Eating Disorders Individual Questions","ABCD Release 4.0","Eating Disorder","Clinical Assessments","Published","Submission not Allowed","2021-05-14T11:01:57.000+0000","2022-10-04T19:19:21.558+0000"
"generaled_anx_disorder_p01","ABCD Parent Diagnostic Interview for DSM-5 (KSADS) Generalized Anxiety Disorder Individual Questions","ABCD Release 4.0","Mental Health","Clinical Assessments","Published","Submission not Allowed","2021-05-07T18:31:56.000+0000","2022-10-04T19:19:21.558+0000"
"homicidality_p01","ABCD Parent Diagnostic Interview for DSM-5 (KSADS) Homicidality Individual Questions","ABCD Release 4.0","Questionnaire","Clinical Assessments","Published","Submission not Allowed","2021-05-07T18:33:13.000+0000","2022-10-04T19:19:21.558+0000"
"opp_defiant_disorder_p01","ABCD Parent Diagnostic Interview for DSM-5 (KSADS) ODD Individual Questions","ABCD Release 4.0","Mental Health","Clinical Assessments","Published","Submission not Allowed","2021-05-06T18:53:49.000+0000","2022-10-04T19:19:21.558+0000"
"panic_disorder_p01","ABCD Parent Diagnostic Interview for DSM-5 (KSADS) Panic Disorder Individual Questions","ABCD Release 4.0","Mental Health","Clinical Assessments","Published","Submission not Allowed","2021-05-21T11:16:50.000+0000","2022-10-04T19:19:21.558+0000"
"psychosis_p01","ABCD Parent Diagnostic Interview for DSM-5 (KSADS) Psychotic Disorders Individual Questions","ABCD Release 4.0","Mental Health","Clinical Assessments","Published","Submission not Allowed","2021-05-21T11:21:14.000+0000","2022-10-04T19:19:21.558+0000"
"separation_anxiety_p01","ABCD Parent Diagnostic Interview for DSM-5 (KSADS) Separation Anxiety Disorder Individual Questions","ABCD Release 4.0","Mental Health","Clinical Assessments","Published","Submission not Allowed","2021-05-21T11:23:29.000+0000","2022-10-04T19:19:21.558+0000"
"sleep_problems_p01","ABCD Parent Diagnostic Interview for DSM-5 (KSADS) Sleep Problems Individual Questions","ABCD Release 4.0","Sleep","Clinical Assessments","Published","Submission not Allowed","2021-05-07T18:40:04.000+0000","2022-10-04T19:19:21.558+0000"
"social_anxiety_disorder_p01","ABCD Parent Diagnostic Interview for DSM-5 (KSADS) Specific Anxiety Disorder Individual Questions","ABCD Release 4.0","Mental Health","Clinical Assessments","Published","Submission not Allowed","2021-05-21T11:25:34.000+0000","2022-10-04T19:19:21.558+0000"
"specific_phobia_p01","ABCD Parent Diagnostic Interview for DSM-5 (KSADS) Specific Phobia Individual Questions","ABCD Release 4.0","Mental Health","Clinical Assessments","Published","Submission not Allowed","2021-05-11T15:40:58.000+0000","2022-10-04T19:19:21.558+0000"
"suicidality_p01","ABCD Parent Diagnostic Interview for DSM-5 (KSADS) Suicidality Individual Questions","ABCD Release 4.0","Suicidality","Clinical Assessments","Published","Submission not Allowed","2021-05-11T15:44:17.000+0000","2022-10-04T19:19:21.558+0000"
"tic_disorders_p01","ABCD Parent Diagnostic Interview for DSM-5 (KSADS) Tic Disorder Individual Questions","ABCD Release 4.0","Mental Health","Clinical Assessments","Published","Submission not Allowed","2021-05-14T11:03:56.000+0000","2022-10-04T19:19:21.558+0000"
"abcd_ptsd01","ABCD Parent Diagnostic Interview for DSM-5 (KSADS) Traumatic Events","c(""ABCD Release 2.0"", ""ABCD Release 3.0"", ""ABCD Release 4.0"")","PTSD","Clinical Assessments","Published","Submission not Allowed","2018-07-20T18:22:58.000+0000","2022-10-04T19:19:21.558+0000"
"dibf01","ABCD Parent Diagnostic Interview for DSM-5 Background Items Full (KSADS-5)","c(""ABCD Release 2.0"", ""ABCD Release 3.0"", ""ABCD Release 4.0"")","Social Adjustment","Clinical Assessments","Published","Submission not Allowed","2017-11-20T20:54:21.000+0000","2022-10-04T19:19:21.558+0000"
"abcd_ksad01","ABCD Parent Diagnostic Interview for DSM-5 Full (KSADS-5)","c(""ABCD Release 2.0"", ""ABCD Release 3.0"", ""ABCD Release 4.0"")","Diagnostic","Clinical Assessments","Published","Submission not Allowed","2017-12-01T21:26:36.000+0000","2022-10-04T19:19:21.558+0000"
"obs_compulsive_disorder_p01","ABCD Parent Diagnostic Interview for DSM-5(KSADS) Obsessive Compulsive Disorder Individual Questions","ABCD Release 4.0","Mental Health","Clinical Assessments","Published","Submission not Allowed","2021-05-21T11:29:25.000+0000","2022-10-04T19:19:21.558+0000"
"fes02","ABCD Parent Family Environment Scale-Family Conflict Subscale Modified from PhenX (FES)","c(""ABCD Release 2.0"", ""ABCD Release 3.0"", ""ABCD Release 4.0"")","Parenting","Clinical Assessments","Published","Submission not Allowed","2018-07-09T17:11:19.000+0000","2022-10-04T19:19:21.558+0000"
"abcd_fhxssp01","ABCD Parent Family History Summary Scores","c(""ABCD Release 3.0"", ""ABCD Release 4.0"")","Med History","Clinical Assessments","Published","Submission not Allowed","2020-04-08T19:03:09.000+0000","2022-10-04T19:19:21.558+0000"
"abcd_pfb01","ABCD Parent Fitbit Baseline","c(""ABCD Release 2.0"", ""ABCD Release 3.0"", ""ABCD Release 4.0"")","Questionnaire","Clinical Assessments","Published","Submission not Allowed","2019-01-22T20:49:08.000+0000","2022-10-04T19:19:21.558+0000"
"abcd_pff01","ABCD Parent Fitbit Followup","c(""ABCD Release 2.0"", ""ABCD Release 3.0"", ""ABCD Release 4.0"")","Questionnaire","Clinical Assessments","Published","Submission not Allowed","2019-01-22T19:18:29.000+0000","2022-10-04T19:19:21.558+0000"
"abcd_pgi01","ABCD Parent Gender Identity","c(""ABCD Release 2.0"", ""ABCD Release 3.0"", ""ABCD Release 4.0"")","Questionnaire","Clinical Assessments","Published","Submission not Allowed","2019-01-22T19:16:20.000+0000","2022-10-04T19:19:21.558+0000"
"abcd_pksadscd01","ABCD Parent KSADS Conduct Disorder","c(""ABCD Release 2.0"", ""ABCD Release 3.0"", ""ABCD Release 4.0"")","Diagnostic","Clinical Assessments","Published","Submission not Allowed","2019-01-12T20:09:03.000+0000","2022-10-04T19:19:21.558+0000"
"abcd_ple01","ABCD Parent Life Events","c(""ABCD Release 2.0"", ""ABCD Release 3.0"", ""ABCD Release 4.0"")","Life Events","Clinical Assessments","Published","Submission not Allowed","2019-01-22T18:56:28.000+0000","2022-10-04T19:19:21.558+0000"
"abcd_mx01","ABCD Parent Medical History Questionnaire (MHX)","c(""ABCD Release 2.0"", ""ABCD Release 3.0"", ""ABCD Release 4.0"")","Med History","Clinical Assessments","Published","Submission not Allowed","2017-11-20T23:01:14.000+0000","2022-10-04T19:19:21.558+0000"
"medsy01","ABCD Parent Medications Survey Inventory Modified from PhenX (PMP)","c(""ABCD Release 2.0"", ""ABCD Release 3.0"", ""ABCD Release 4.0"")","Treatment","Clinical Assessments","Published","Submission not Allowed","2017-11-22T22:22:46.000+0000","2022-10-04T19:19:21.558+0000"
"macv01","ABCD Parent Mexican American Cultural Values Scale Modified (MACV)","c(""ABCD Release 2.0"", ""ABCD Release 3.0"", ""ABCD Release 4.0"")","Social Adjustment","Clinical Assessments","Published","Submission not Allowed","2017-11-24T17:54:14.000+0000","2022-10-04T19:19:21.558+0000"
"abcd_mtpa01","ABCD Parent Mobil Tech Postassessment","c(""ABCD Release 3.0"", ""ABCD Release 4.0"")","Questionnaire","Clinical Assessments","Published","Submission not Allowed","2020-04-09T15:21:03.000+0000","2022-10-04T19:19:21.558+0000"
"abcd_mtpap01","ABCD Parent Mobil Tech Preassessment","c(""ABCD Release 3.0"", ""ABCD Release 4.0"")","Questionnaire","Clinical Assessments","Published","Submission not Allowed","2020-04-09T15:48:13.000+0000","2022-10-04T19:19:21.558+0000"
"abcd_meim01","ABCD Parent Multi-Group Ethnic Identity-Revised Survey (MEIM)","c(""ABCD Release 2.0"", ""ABCD Release 3.0"", ""ABCD Release 4.0"")","Social Adjustment","Clinical Assessments","Published","Submission not Allowed","2017-11-30T21:51:18.000+0000","2022-10-04T19:19:21.558+0000"
"abcd_pnsc01","ABCD Parent Neighborhood Safety/Crime Survey Modified from PhenX (NSC)","c(""ABCD Release 2.0"", ""ABCD Release 3.0"", ""ABCD Release 4.0"")","Questionnaire","Clinical Assessments","Published","Submission not Allowed","2017-11-30T21:57:57.000+0000","2022-10-04T19:19:21.558+0000"
"abcd_otbi01","ABCD Parent Ohio State Traumatic Brain Injury Screen-Short Modified (OTBI)","c(""ABCD Release 2.0"", ""ABCD Release 3.0"", ""ABCD Release 4.0"")","Trauma","Clinical Assessments","Published","Submission not Allowed","2017-12-04T21:45:30.000+0000","2022-10-04T19:19:21.558+0000"
"abcd_pgbi01","ABCD Parent Parent General Behavior Inventory-Mania (PGBI)","c(""ABCD Release 2.0"", ""ABCD Release 3.0"", ""ABCD Release 4.0"")","Questionnaire","Clinical Assessments","Published","Submission not Allowed","2017-11-30T20:53:48.000+0000","2022-10-04T19:19:21.558+0000"
"plus01","ABCD Parent Participant Last Use Survey Day 2 3 4 (PLUS)","c(""ABCD Release 2.0"", ""ABCD Release 3.0"", ""ABCD Release 4.0"")","Questionnaire","Clinical Assessments","Published","Submission not Allowed","2017-11-27T19:30:28.000+0000","2022-10-04T19:19:21.558+0000"
"abcd_pxccp01","ABCD Parent PhenX Community Cohesion","c(""ABCD Release 3.0"", ""ABCD Release 4.0"")","Social Adjustment","Clinical Assessments","Published","Submission not Allowed","2020-04-09T20:12:19.000+0000","2022-10-04T19:19:21.558+0000"
"abcd_ppdms01","ABCD Parent Pubertal Development Scale and Menstrual Cycle Survey History (PDMS)","c(""ABCD Release 2.0"", ""ABCD Release 3.0"", ""ABCD Release 4.0"")","Phys Characteristics","Clinical Assessments","Published","Submission not Allowed","2017-12-04T15:28:16.000+0000","2022-10-04T19:19:21.558+0000"
"abcd_saag01","ABCD Parent School Attendance and Grades","c(""ABCD Release 3.0"", ""ABCD Release 4.0"")","Questionnaire","Clinical Assessments","Published","Submission not Allowed","2020-04-09T19:37:26.000+0000","2022-10-04T19:19:21.558+0000"
"stq01","ABCD Parent Screen Time Survey (STQ)","c(""ABCD Release 2.0"", ""ABCD Release 3.0"", ""ABCD Release 4.0"")","Questionnaire","Clinical Assessments","Published","Submission not Allowed","2017-11-29T22:48:26.000+0000","2022-10-04T19:19:21.558+0000"
"screentime_psq_p01","ABCD Parent Screentime Questionnaire","ABCD Release 4.0","Activity","Clinical Assessments","Published","Submission not Allowed","2021-05-21T11:44:02.000+0000","2022-10-04T19:19:21.558+0000"
"abcd_pssrs01","ABCD Parent Short Social Responsiveness Scale","c(""ABCD Release 2.0"", ""ABCD Release 3.0"", ""ABCD Release 4.0"")","Social Responsiveness","Clinical Assessments","Published","Submission not Allowed","2019-01-22T18:49:36.000+0000","2022-10-04T19:19:21.558+0000"
"abcd_sds01","ABCD Parent Sleep Disturbance Scale for Children (SDS)","c(""ABCD Release 2.0"", ""ABCD Release 3.0"", ""ABCD Release 4.0"")","Sleep","Clinical Assessments","Published","Submission not Allowed","2017-12-04T16:32:16.000+0000","2022-10-04T19:19:21.558+0000"
"abcd_saiq02","ABCD Parent Sports and Activities Involvement Questionnaire (SAIQ)","c(""ABCD Release 2.0"", ""ABCD Release 3.0"", ""ABCD Release 4.0"")","Activity","Clinical Assessments","Published","Submission not Allowed","2018-07-20T22:32:39.000+0000","2022-10-04T19:19:21.558+0000"
"abcd_pssudse01","ABCD Parent Survey of Substance Use Density, Storage, and Exposure","c(""ABCD Release 3.0"", ""ABCD Release 4.0"")","Substance Use","Clinical Assessments","Published","Submission not Allowed","2020-04-28T15:40:51.000+0000","2022-10-04T19:19:21.558+0000"
"abcd_via01","ABCD Parent Vancouver Index of Acculturation-Short Survey (VIA)","c(""ABCD Release 2.0"", ""ABCD Release 3.0"", ""ABCD Release 4.0"")","Social Adjustment","Clinical Assessments","Published","Submission not Allowed","2017-12-04T21:54:08.000+0000","2022-10-04T19:19:21.558+0000"
"pmq01","ABCD Parental Monitoring Survey","c(""ABCD Release 2.0"", ""ABCD Release 3.0"", ""ABCD Release 4.0"")","Parenting","Clinical Assessments","Published","Submission not Allowed","2017-11-24T22:27:49.000+0000","2022-10-04T19:19:21.558+0000"
"prq01","ABCD Parental Rules on Substance Use","c(""ABCD Release 2.0"", ""ABCD Release 3.0"", ""ABCD Release 4.0"")","Substance Use","Clinical Assessments","Published","Submission not Allowed","2017-11-24T22:23:19.000+0000","2022-10-04T19:19:21.558+0000"
"abcd_ps01","ABCD Pearson Scores","c(""ABCD Release 2.0"", ""ABCD Release 3.0"", ""ABCD Release 4.0"")","Cognitive","Clinical Assessments","Published","Submission not Allowed","2018-01-30T16:23:02.000+0000","2022-10-04T19:19:21.558+0000"
"abcd_peq01","ABCD Peer Experiences Questionnaire","c(""ABCD Release 3.0"", ""ABCD Release 4.0"")","Social Adjustment","Clinical Assessments","Published","Submission not Allowed","2020-04-13T18:09:23.000+0000","2022-10-04T19:19:21.558+0000"
"perceived_stress_p01","ABCD Perceived Stress Scale","ABCD Release 4.0","Stress","Clinical Assessments","Published","Submission not Allowed","2021-05-11T15:45:29.000+0000","2022-10-04T19:19:21.558+0000"
"pet_ownership01","ABCD Pet Ownership","ABCD Release 4.0","Questionnaire","Clinical Assessments","Published","Submission not Allowed","2021-05-11T15:46:50.000+0000","2022-10-04T19:19:21.558+0000"
"abcd_fbpap01","ABCD Post-assessment Parent Survey for Fitbit Protocol","c(""ABCD Release 3.0"", ""ABCD Release 4.0"")","Questionnaire","Clinical Assessments","Published","Submission not Allowed","2020-04-08T19:24:01.000+0000","2022-10-04T19:19:21.558+0000"
"abcd_fbpay01","ABCD Post-assessment Youth Survey for Fitbit Protocol","c(""ABCD Release 3.0"", ""ABCD Release 4.0"")","Questionnaire","Clinical Assessments","Published","Submission not Allowed","2020-04-08T19:49:29.000+0000","2022-10-04T19:19:21.558+0000"
"abcd_fbprp01","ABCD Pre-assessment Parent Survey for Fitbit Protocol","c(""ABCD Release 3.0"", ""ABCD Release 4.0"")","Questionnaire","Clinical Assessments","Published","Submission not Allowed","2020-04-08T20:13:48.000+0000","2022-10-04T19:19:21.558+0000"
"abcd_fbpry01","ABCD Pre-assessment Youth Survey for Fitbit Protocol","c(""ABCD Release 3.0"", ""ABCD Release 4.0"")","Questionnaire","Clinical Assessments","Published","Submission not Allowed","2020-04-08T20:36:43.000+0000","2022-10-04T19:19:21.558+0000"
"pps01","ABCD Prodromal Psychosis Scale","c(""ABCD Release 2.0"", ""ABCD Release 3.0"", ""ABCD Release 4.0"")","Psychosis","Clinical Assessments","Published","Submission not Allowed","2017-11-27T22:29:23.000+0000","2022-10-04T19:19:21.558+0000"
"sph01","ABCD Pubertal Hormone Saliva","c(""ABCD Release 2.0"", ""ABCD Release 3.0"", ""ABCD Release 4.0"")","Phys Exam","Clinical Assessments","Published","Submission not Allowed","2017-11-28T20:30:25.000+0000","2022-10-04T19:19:21.558+0000"
"abcd_ra01","ABCD RA Scanning Checklist and Notes","c(""ABCD Release 2.0"", ""ABCD Release 3.0"", ""ABCD Release 4.0"")","Questionnaire","Clinical Assessments","Published","Submission not Allowed","2017-12-04T15:51:57.000+0000","2022-10-04T19:19:21.558+0000"
"recog_memory_trial_level01","ABCD RECMEM Task Trial Level Behavior","ABCD Release 4.0","Cognitive","Clinical Assessments","Published","Submission not Allowed","2021-05-18T09:02:07.000+0000","2022-10-04T19:19:21.558+0000"
"abcd_tlfb_tlbd01","ABCD Raw Data for the Timeline Followback (TLFB) Calendar","ABCD Release 4.0","Substance Use","Clinical Assessments","Published","Submission Allowed","2022-09-08T14:41:49.000+0000","2022-10-04T19:19:21.558+0000"
"abcd_imgincl01","ABCD Recommended Imaging Inclusion","c(""ABCD Release 3.0"", ""ABCD Release 4.0"")","Evaluated Data","Neurosignal Recordings","Published","Submission Allowed","2020-03-06T17:26:07.000+0000","2022-10-04T19:19:21.558+0000"
"smarte_trial_level_behav01","ABCD SMARTE Task Trial Level Behavior","ABCD Release 4.0","Cognitive","Clinical Assessments","Published","Submission not Allowed","2021-05-21T11:45:08.000+0000","2022-10-04T19:19:21.558+0000"
"srpf01","ABCD School Risk and Protective Factors Survey","c(""ABCD Release 2.0"", ""ABCD Release 3.0"", ""ABCD Release 4.0"")","Social Adjustment","Clinical Assessments","Published","Submission not Allowed","2017-11-28T20:32:36.000+0000","2022-10-04T19:19:21.558+0000"
"abcd_screen01","ABCD Screener","c(""ABCD Release 2.0"", ""ABCD Release 3.0"", ""ABCD Release 4.0"")","Questionnaire","Clinical Assessments","Published","Submission not Allowed","2017-12-08T19:11:51.000+0000","2022-10-04T19:19:21.558+0000"
"soc_dev_fu_alabama01","ABCD Social Development Follow Up Alabama Parenting","ABCD Release 4.0","Parenting","Clinical Assessments","Published","Submission not Allowed","2021-05-14T11:05:21.000+0000","2022-10-04T19:19:21.558+0000"
"soc_dev_fu_diff_emo_reg01","ABCD Social Development Follow Up Child Difficulties in Emotion Regulation","ABCD Release 4.0","Emotions","Clinical Assessments","Published","Submission not Allowed","2021-05-14T11:06:56.000+0000","2022-10-04T19:19:21.558+0000"
"soc_dev_fu_feedback01","ABCD Social Development Follow Up Child Feedback","ABCD Release 4.0","Questionnaire","Clinical Assessments","Published","Submission not Allowed","2021-05-14T11:13:06.000+0000","2022-10-04T19:19:21.558+0000"
"soc_dev_fu_firearms01","ABCD Social Development Follow Up Child Firearms","ABCD Release 4.0","Questionnaire","Clinical Assessments","Published","Submission not Allowed","2021-05-14T11:14:00.000+0000","2022-10-04T19:19:21.558+0000"
"soc_dev_fu_peer_behav01","ABCD Social Development Follow Up Child Peer Behavior","ABCD Release 4.0","Relationships","Clinical Assessments","Published","Submission not Allowed","2021-05-14T11:16:10.000+0000","2022-10-04T19:19:21.558+0000"
"soc_dev_fu_personality01","ABCD Social Development Follow Up Child Personality Disposition","ABCD Release 4.0","Personality","Clinical Assessments","Published","Submission not Allowed","2021-05-14T11:17:45.000+0000","2022-10-04T19:19:21.558+0000"
"soc_dev_fu_victimize01","ABCD Social Development Follow Up Child Victimization","ABCD Release 4.0","Trauma","Clinical Assessments","Published","Submission not Allowed","2021-05-21T11:55:26.000+0000","2022-10-04T19:19:21.558+0000"
"soc_dev_fu_alabama_p01","ABCD Social Development Follow Up Parent Alabama Parenting","ABCD Release 4.0","Parenting","Clinical Assessments","Published","Submission not Allowed","2021-05-14T11:21:24.000+0000","2022-10-04T19:19:21.558+0000"
"soc_dev_fu_diff_emo_reg_p01","ABCD Social Development Follow Up Parent Emotion Regulation","ABCD Release 4.0","Emotions","Clinical Assessments","Published","Submission not Allowed","2021-05-14T11:23:01.000+0000","2022-10-04T19:19:21.558+0000"
"soc_dev_fu_feedback_p01","ABCD Social Development Follow Up Parent Feedback","ABCD Release 4.0","Questionnaire","Clinical Assessments","Published","Submission not Allowed","2021-05-14T11:27:13.000+0000","2022-10-04T19:19:21.558+0000"
"soc_dev_fu_firearms_p01","ABCD Social Development Follow Up Parent Firearms","ABCD Release 4.0","Questionnaire","Clinical Assessments","Published","Submission not Allowed","2021-05-14T11:37:41.000+0000","2022-10-04T19:19:21.558+0000"
"soc_dev_fu_neighbor_p01","ABCD Social Development Follow Up Parent Neighborhood","ABCD Release 4.0","Social Adjustment","Clinical Assessments","Published","Submission not Allowed","2021-05-14T11:49:02.000+0000","2022-10-04T19:19:21.558+0000"
"soc_dev_fu_personality_p01","ABCD Social Development Follow Up Parent Personality Disposition","ABCD Release 4.0","Personality","Clinical Assessments","Published","Submission not Allowed","2021-05-14T12:10:25.000+0000","2022-10-04T19:19:21.558+0000"
"soc_dev_fu_rep_delinq_p01","ABCD Social Development Follow Up Parent Reported Delinquency","ABCD Release 4.0","Questionnaire","Clinical Assessments","Published","Submission not Allowed","2021-05-14T11:52:40.000+0000","2022-10-04T19:19:21.558+0000"
"soc_dev_fu_victimize_p01","ABCD Social Development Follow Up Parent Victimization","ABCD Release 4.0","Trauma","Clinical Assessments","Published","Submission not Allowed","2021-05-18T09:09:30.000+0000","2022-10-04T19:19:21.558+0000"
"soc_dev_fu_rep_delinq01","ABCD Social Development Follow Up Reported Delinquency","ABCD Release 4.0","Questionnaire","Clinical Assessments","Published","Submission not Allowed","2021-05-14T11:55:41.000+0000","2022-10-04T19:19:21.558+0000"
"soc_dev_fu_visit_type01","ABCD Social Development Follow Up Visit Type","ABCD Release 4.0","Relationships","Clinical Assessments","Published","Submission not Allowed","2021-05-18T09:13:52.000+0000","2022-10-04T19:19:21.558+0000"
"abcd_siss01","ABCD Social Influence Summary Scores","c(""ABCD Release 3.0"", ""ABCD Release 4.0"")","Social Adjustment","Clinical Assessments","Published","Submission not Allowed","2020-04-09T20:25:52.000+0000","2022-10-04T19:19:21.558+0000"
"abcd_sitlb01","ABCD Social Influence Task Trial Level Behavior","c(""ABCD Release 3.0"", ""ABCD Release 4.0"")","Task Based","Clinical Assessments","Published","Submission not Allowed","2020-04-13T18:28:01.000+0000","2022-10-04T19:19:21.558+0000"
"abcd_sss01","ABCD Specialty Summary Score","c(""ABCD Release 3.0"", ""ABCD Release 4.0"")","Well-Being","Clinical Assessments","Published","Submission not Allowed","2020-04-13T18:36:51.000+0000","2022-10-04T19:19:21.558+0000"
"sports_activ_read_music_p01","ABCD Sports Activities Read/Music – Parent","ABCD Release 4.0","Activity","Clinical Assessments","Published","Submission not Allowed","2021-05-11T15:48:07.000+0000","2022-10-04T19:19:21.558+0000"
"sports_activ_read_music01","ABCD Sports Activities Read/Music – Youth","ABCD Release 4.0","Activity","Clinical Assessments","Published","Submission not Allowed","2021-05-11T16:00:38.000+0000","2022-10-04T19:19:21.558+0000"
"smarte_sumscores01","ABCD Stanford Mental Arithmetic Response Time Evaluation","ABCD Release 4.0","Cognitive","Clinical Assessments","Published","Submission not Allowed","2021-05-21T11:58:30.000+0000","2022-10-04T19:19:21.558+0000"
"abcd_sscep01","ABCD Sum Scores Culture & Environment Parent","c(""ABCD Release 2.0"", ""ABCD Release 3.0"", ""ABCD Release 4.0"")","Social Adjustment","Clinical Assessments","Published","Submission not Allowed","2017-12-04T21:24:52.000+0000","2022-10-04T19:19:21.558+0000"
"abcd_sscey01","ABCD Sum Scores Culture & Environment Youth","c(""ABCD Release 2.0"", ""ABCD Release 3.0"", ""ABCD Release 4.0"")","Social Adjustment","Clinical Assessments","Published","Submission not Allowed","2017-12-04T21:29:51.000+0000","2022-10-04T19:19:21.558+0000"
"abcd_ssmty01","ABCD Sum Scores Mobil Tech Youth","c(""ABCD Release 2.0"", ""ABCD Release 3.0"", ""ABCD Release 4.0"")","Med History","Clinical Assessments","Published","Submission not Allowed","2019-01-12T21:00:26.000+0000","2022-10-04T19:19:21.558+0000"
"abcd_ssphp01","ABCD Sum Scores Physical Health Parent","c(""ABCD Release 2.0"", ""ABCD Release 3.0"", ""ABCD Release 4.0"")","Med History","Clinical Assessments","Published","Submission not Allowed","2019-01-12T21:04:57.000+0000","2022-10-04T19:19:21.558+0000"
"abcd_ssphy01","ABCD Sum Scores Physical Health Youth","c(""ABCD Release 2.0"", ""ABCD Release 3.0"", ""ABCD Release 4.0"")","Med History","Clinical Assessments","Published","Submission not Allowed","2019-01-12T21:07:15.000+0000","2022-10-04T19:19:21.558+0000"
"abcd_tbi01","ABCD Sum Scores Traumatic Brain Injury","c(""ABCD Release 2.0"", ""ABCD Release 3.0"", ""ABCD Release 4.0"")","Trauma","Clinical Assessments","Published","Submission not Allowed","2017-12-04T21:07:01.000+0000","2022-10-04T19:19:21.558+0000"
"abcd_ssbpmtf01","ABCD Summary Scores Brief Problem Monitor-Teacher Form for Ages 6-18","c(""ABCD Release 2.0"", ""ABCD Release 3.0"", ""ABCD Release 4.0"")","Behavior","Clinical Assessments","Published","Submission not Allowed","2019-01-11T00:42:04.000+0000","2022-10-04T19:19:21.558+0000"
"abcd_devhxss01","ABCD Summary Scores Developmental History","c(""ABCD Release 2.0"", ""ABCD Release 3.0"", ""ABCD Release 4.0"")","Med History","Clinical Assessments","Published","Submission not Allowed","2018-07-20T22:43:30.000+0000","2022-10-04T19:19:21.558+0000"
"abcd_medhxss01","ABCD Summary Scores Medical History","c(""ABCD Release 2.0"", ""ABCD Release 3.0"", ""ABCD Release 4.0"")","Med History","Clinical Assessments","Published","Submission not Allowed","2018-07-20T22:47:00.000+0000","2022-10-04T19:19:21.558+0000"
"abcd_spacss01","ABCD Summary Scores Sports Activity","c(""ABCD Release 2.0"", ""ABCD Release 3.0"", ""ABCD Release 4.0"")","Activity","Clinical Assessments","Published","Submission not Allowed","2018-07-20T22:50:54.000+0000","2022-10-04T19:19:21.558+0000"
"abcd_suss01","ABCD Summary Scores Substance Use","c(""ABCD Release 2.0"", ""ABCD Release 3.0"", ""ABCD Release 4.0"")","Substance Use","Clinical Assessments","Published","Submission not Allowed","2018-07-20T22:54:10.000+0000","2022-10-04T19:19:21.558+0000"
"abcd_midabwdp01","ABCD Task fMRI MID Average Beta Weights Destrieux Parcellations Part 1","c(""ABCD Release 2.0"", ""ABCD Release 3.0"", ""ABCD Release 4.0"")","Evaluated Data","Neurosignal Recordings","Published","Submission not Allowed","2019-01-12T16:46:07.000+0000","2022-10-04T19:19:21.558+0000"
"abcd_midabwdp202","ABCD Task fMRI MID Average Beta Weights Destrieux Parcellations Part 2","c(""ABCD Release 2.0"", ""ABCD Release 3.0"", ""ABCD Release 4.0"")","Evaluated Data","Neurosignal Recordings","Published","Submission not Allowed","2019-05-07T18:24:10.000+0000","2022-10-04T19:19:21.558+0000"
"midaparc03","ABCD Task fMRI MID Average Beta Weights Part 1","c(""ABCD Release 2.0"", ""ABCD Release 3.0"", ""ABCD Release 4.0"")","Evaluated Data","Neurosignal Recordings","Published","Submission not Allowed","2019-05-07T23:56:18.000+0000","2022-10-04T19:19:21.558+0000"
"midaparcp203","ABCD Task fMRI MID Average Beta Weights Part 2","c(""ABCD Release 2.0"", ""ABCD Release 3.0"", ""ABCD Release 4.0"")","Evaluated Data","Neurosignal Recordings","Published","Submission not Allowed","2019-05-07T23:57:48.000+0000","2022-10-04T19:19:21.558+0000"
"abcd_midasemdp101","ABCD Task fMRI MID Average SEM Destrieux Parcellations Part 1","c(""ABCD Release 2.0"", ""ABCD Release 3.0"", ""ABCD Release 4.0"")","Evaluated Data","Neurosignal Recordings","Published","Submission not Allowed","2019-01-12T17:27:13.000+0000","2022-10-04T19:19:21.558+0000"
"abcd_midasemdp202","ABCD Task fMRI MID Average SEM Destrieux Parcellations Part 2","c(""ABCD Release 2.0"", ""ABCD Release 3.0"", ""ABCD Release 4.0"")","Evaluated Data","Neurosignal Recordings","Published","Submission not Allowed","2019-05-07T20:41:59.000+0000","2022-10-04T19:19:21.558+0000"
"abcd_midasemp102","ABCD Task fMRI MID Average Standard Error of the Mean Part 1","c(""ABCD Release 2.0"", ""ABCD Release 3.0"", ""ABCD Release 4.0"")","Evaluated Data","Neurosignal Recordings","Published","Submission not Allowed","2019-05-07T21:10:15.000+0000","2022-10-04T19:19:21.558+0000"
"abcd_midasemp202","ABCD Task fMRI MID Average Standard Error of the Mean Part 2","c(""ABCD Release 2.0"", ""ABCD Release 3.0"", ""ABCD Release 4.0"")","Evaluated Data","Neurosignal Recordings","Published","Submission not Allowed","2019-05-07T21:16:28.000+0000","2022-10-04T19:19:21.558+0000"
"abcd_mid02","ABCD Task fMRI MID Behavior","c(""ABCD Release 2.0"", ""ABCD Release 3.0"", ""ABCD Release 4.0"")","Task Based","Clinical Assessments","Published","Submission not Allowed","2018-06-29T19:02:57.000+0000","2022-10-04T19:19:21.558+0000"
"abcd_midr1bwdp101","ABCD Task fMRI MID Run 1 Beta Weights Destrieux Parcellations Part 1","c(""ABCD Release 2.0"", ""ABCD Release 3.0"", ""ABCD Release 4.0"")","Evaluated Data","Neurosignal Recordings","Published","Submission not Allowed","2019-01-16T19:07:27.000+0000","2022-10-04T19:19:21.558+0000"
"abcd_midr1bwdp202","ABCD Task fMRI MID Run 1 Beta Weights Destrieux Parcellations Part 2","c(""ABCD Release 2.0"", ""ABCD Release 3.0"", ""ABCD Release 4.0"")","Evaluated Data","Neurosignal Recordings","Published","Submission not Allowed","2019-05-07T21:23:37.000+0000","2022-10-04T19:19:21.558+0000"
"abcd_midr1bwp102","ABCD Task fMRI MID Run 1 Beta Weights Part 1","c(""ABCD Release 2.0"", ""ABCD Release 3.0"", ""ABCD Release 4.0"")","Evaluated Data","Neurosignal Recordings","Published","Submission not Allowed","2019-05-07T21:51:46.000+0000","2022-10-04T19:19:21.558+0000"
"abcd_midr1bwp202","ABCD Task fMRI MID Run 1 Beta Weights Part 2","c(""ABCD Release 2.0"", ""ABCD Release 3.0"", ""ABCD Release 4.0"")","Evaluated Data","Neurosignal Recordings","Published","Submission not Allowed","2019-05-07T23:17:16.000+0000","2022-10-04T19:19:21.558+0000"
"abcd_tmidr1semdp101","ABCD Task fMRI MID Run 1 SEM Destrieux Parcellations Part 1","c(""ABCD Release 2.0"", ""ABCD Release 3.0"", ""ABCD Release 4.0"")","Evaluated Data","Neurosignal Recordings","Published","Submission not Allowed","2019-01-23T18:08:04.000+0000","2022-10-04T19:19:21.558+0000"
"abcd_tmidr1semdp202","ABCD Task fMRI MID Run 1 SEM Destrieux Parcellations Part 2","c(""ABCD Release 2.0"", ""ABCD Release 3.0"", ""ABCD Release 4.0"")","Evaluated Data","Neurosignal Recordings","Published","Submission not Allowed","2019-05-07T23:25:51.000+0000","2022-10-04T19:19:21.558+0000"
"abcd_midsemp102","ABCD Task fMRI MID Run 1 Standard Error of the Mean Part 1","c(""ABCD Release 2.0"", ""ABCD Release 3.0"", ""ABCD Release 4.0"")","Evaluated Data","Neurosignal Recordings","Published","Submission not Allowed","2019-05-07T22:27:46.000+0000","2022-10-04T19:19:21.558+0000"
"abcd_midsemp202","ABCD Task fMRI MID Run 1 Standard Error of the Mean Part 2","c(""ABCD Release 2.0"", ""ABCD Release 3.0"", ""ABCD Release 4.0"")","Evaluated Data","Neurosignal Recordings","Published","Submission not Allowed","2019-05-07T22:31:58.000+0000","2022-10-04T19:19:21.558+0000"
"abcd_tr2bwdp01","ABCD Task fMRI MID Run 2 Beta Weights Destrieux Parcellations Part 1","c(""ABCD Release 2.0"", ""ABCD Release 3.0"", ""ABCD Release 4.0"")","Evaluated Data","Neurosignal Recordings","Published","Submission not Allowed","2019-01-23T19:20:56.000+0000","2022-10-04T19:19:21.558+0000"
"abcd_tr2bwdp202","ABCD Task fMRI MID Run 2 Beta Weights Destrieux Parcellations Part 2","c(""ABCD Release 2.0"", ""ABCD Release 3.0"", ""ABCD Release 4.0"")","Evaluated Data","Neurosignal Recordings","Published","Submission not Allowed","2019-05-07T23:28:43.000+0000","2022-10-04T19:19:21.558+0000"
"midr2bwp102","ABCD Task fMRI MID Run 2 Beta Weights Part 1","c(""ABCD Release 2.0"", ""ABCD Release 3.0"", ""ABCD Release 4.0"")","Evaluated Data","Neurosignal Recordings","Published","Submission not Allowed","2019-05-07T23:51:10.000+0000","2022-10-04T19:19:21.558+0000"
"midr2bwp202","ABCD Task fMRI MID Run 2 Beta Weights Part 2","c(""ABCD Release 2.0"", ""ABCD Release 3.0"", ""ABCD Release 4.0"")","Evaluated Data","Neurosignal Recordings","Published","Submission not Allowed","2019-05-07T23:46:58.000+0000","2022-10-04T19:19:21.558+0000"
"abcd_tr2semdp101","ABCD Task fMRI MID Run 2 SEM Destrieux Parcellations Part 1","c(""ABCD Release 2.0"", ""ABCD Release 3.0"", ""ABCD Release 4.0"")","Evaluated Data","Neurosignal Recordings","Published","Submission not Allowed","2019-01-23T23:58:30.000+0000","2022-10-04T19:19:21.558+0000"
"abcd_tr2semdp202","ABCD Task fMRI MID Run 2 SEM Destrieux Parcellations Part 2","c(""ABCD Release 2.0"", ""ABCD Release 3.0"", ""ABCD Release 4.0"")","Evaluated Data","Neurosignal Recordings","Published","Submission not Allowed","2019-05-07T23:35:57.000+0000","2022-10-04T19:19:21.558+0000"
"abcd_midr2semp102","ABCD Task fMRI MID Run 2 Standard Error of the Mean Part 1","c(""ABCD Release 2.0"", ""ABCD Release 3.0"", ""ABCD Release 4.0"")","Evaluated Data","Neurosignal Recordings","Published","Submission not Allowed","2019-05-07T22:10:41.000+0000","2022-10-04T19:19:21.558+0000"
"abcd_midr2semp202","ABCD Task fMRI MID Run 2 Standard Error of the Mean Part 2","c(""ABCD Release 2.0"", ""ABCD Release 3.0"", ""ABCD Release 4.0"")","Evaluated Data","Neurosignal Recordings","Published","Submission not Allowed","2019-05-07T22:21:14.000+0000","2022-10-04T19:19:21.558+0000"
"abcd_midtlb01","ABCD Task fMRI MID Trial Level Behavior","c(""ABCD Release 3.0"", ""ABCD Release 4.0"")","Task Based","Neurosignal Recordings","Published","Submission not Allowed","2020-04-13T17:54:32.000+0000","2022-10-04T19:19:21.558+0000"
"mribrec02","ABCD Task fMRI REC Behavior","c(""ABCD Release 2.0"", ""ABCD Release 3.0"", ""ABCD Release 4.0"")","Task Based","Clinical Assessments","Published","Submission not Allowed","2018-06-29T20:44:22.000+0000","2022-10-04T19:19:21.558+0000"
"mrisst02","ABCD Task fMRI SST Average Beta Weights","c(""ABCD Release 2.0"", ""ABCD Release 3.0"", ""ABCD Release 4.0"")","Evaluated Data","Neurosignal Recordings","Published","Submission not Allowed","2018-07-09T23:08:19.000+0000","2022-10-04T19:19:21.558+0000"
"abcd_tfsstabwdp101","ABCD Task fMRI SST Average Beta Weights Destrieux Parcellations Part 1","c(""ABCD Release 2.0"", ""ABCD Release 3.0"", ""ABCD Release 4.0"")","Evaluated Data","Neurosignal Recordings","Published","Submission not Allowed","2019-01-25T23:42:55.000+0000","2022-10-04T19:19:21.558+0000"
"abcd_tfsstabwdp201","ABCD Task fMRI SST Average Beta Weights Destrieux Parcellations Part 2","c(""ABCD Release 2.0"", ""ABCD Release 3.0"", ""ABCD Release 4.0"")","Evaluated Data","Neurosignal Recordings","Published","Submission not Allowed","2019-01-25T23:44:26.000+0000","2022-10-04T19:19:21.558+0000"
"abcd_tfsstasemdp101","ABCD Task fMRI SST Average SEM Destrieux Parcellations Part 1","c(""ABCD Release 2.0"", ""ABCD Release 3.0"", ""ABCD Release 4.0"")","Evaluated Data","Neurosignal Recordings","Published","Submission not Allowed","2019-01-25T23:52:52.000+0000","2022-10-04T19:19:21.558+0000"
"abcd_tfsstasemdp201","ABCD Task fMRI SST Average SEM Destrieux Parcellations Part 2","c(""ABCD Release 2.0"", ""ABCD Release 3.0"", ""ABCD Release 4.0"")","Evaluated Data","Neurosignal Recordings","Published","Submission not Allowed","2019-01-25T23:53:46.000+0000","2022-10-04T19:19:21.558+0000"
"mrisstsem01","ABCD Task fMRI SST Average Standard Error of the Mean","c(""ABCD Release 2.0"", ""ABCD Release 3.0"", ""ABCD Release 4.0"")","Evaluated Data","Neurosignal Recordings","Published","Submission not Allowed","2018-07-23T21:15:16.000+0000","2022-10-04T19:19:21.558+0000"
"abcd_sst02","ABCD Task fMRI SST Behavior","c(""ABCD Release 2.0"", ""ABCD Release 3.0"", ""ABCD Release 4.0"")","Task Based","Clinical Assessments","Published","Submission not Allowed","2018-06-29T20:54:40.000+0000","2022-10-04T19:19:21.558+0000"
"mrisstr1bw01","ABCD Task fMRI SST Run 1 Beta Weights","c(""ABCD Release 2.0"", ""ABCD Release 3.0"", ""ABCD Release 4.0"")","Evaluated Data","Neurosignal Recordings","Published","Submission not Allowed","2018-07-23T21:36:32.000+0000","2022-10-04T19:19:21.558+0000"
"abcd_tfsstr1bwdp101","ABCD Task fMRI SST Run 1 Beta Weights Destrieux Parcellations Part 1","c(""ABCD Release 2.0"", ""ABCD Release 3.0"", ""ABCD Release 4.0"")","Evaluated Data","Neurosignal Recordings","Published","Submission not Allowed","2019-01-26T00:08:35.000+0000","2022-10-04T19:19:21.558+0000"
"abcd_tfsstr1bwdp201","ABCD Task fMRI SST Run 1 Beta Weights Destrieux Parcellations Part 2","c(""ABCD Release 2.0"", ""ABCD Release 3.0"", ""ABCD Release 4.0"")","Evaluated Data","Neurosignal Recordings","Published","Submission not Allowed","2019-01-26T00:10:06.000+0000","2022-10-04T19:19:21.558+0000"
"abcd_tfsstr1semdp101","ABCD Task fMRI SST Run 1 SEM Destrieux Parcellations Part 1","c(""ABCD Release 2.0"", ""ABCD Release 3.0"", ""ABCD Release 4.0"")","Evaluated Data","Neurosignal Recordings","Published","Submission not Allowed","2019-01-26T00:23:12.000+0000","2022-10-04T19:19:21.558+0000"
"abcd_tfsstr1semdp201","ABCD Task fMRI SST Run 1 SEM Destrieux Parcellations Part 2","c(""ABCD Release 2.0"", ""ABCD Release 3.0"", ""ABCD Release 4.0"")","Evaluated Data","Neurosignal Recordings","Published","Submission not Allowed","2019-01-26T00:24:44.000+0000","2022-10-04T19:19:21.558+0000"
"mrisstr1sem01","ABCD Task fMRI SST Run 1 Standard Error of the Mean","c(""ABCD Release 2.0"", ""ABCD Release 3.0"", ""ABCD Release 4.0"")","Evaluated Data","Neurosignal Recordings","Published","Submission not Allowed","2018-07-23T22:01:53.000+0000","2022-10-04T19:19:21.558+0000"
"mrisstr2bw01","ABCD Task fMRI SST Run 2 Beta Weights","c(""ABCD Release 2.0"", ""ABCD Release 3.0"", ""ABCD Release 4.0"")","Evaluated Data","Neurosignal Recordings","Published","Submission not Allowed","2018-07-23T22:21:34.000+0000","2022-10-04T19:19:21.558+0000"
"abcd_tfsstr2bwdp101","ABCD Task fMRI SST Run 2 Beta Weights Destrieux Parcellations Part 1","c(""ABCD Release 2.0"", ""ABCD Release 3.0"", ""ABCD Release 4.0"")","Evaluated Data","Neurosignal Recordings","Published","Submission not Allowed","2019-01-26T00:31:38.000+0000","2022-10-04T19:19:21.558+0000"
"abcd_tfsstr2bwdp201","ABCD Task fMRI SST Run 2 Beta Weights Destrieux Parcellations Part 2","c(""ABCD Release 2.0"", ""ABCD Release 3.0"", ""ABCD Release 4.0"")","Evaluated Data","Neurosignal Recordings","Published","Submission not Allowed","2019-01-26T00:33:03.000+0000","2022-10-04T19:19:21.558+0000"
"abcd_tfsstr2semdp101","ABCD Task fMRI SST Run 2 SEM Destrieux Parcellations Part 1","c(""ABCD Release 2.0"", ""ABCD Release 3.0"", ""ABCD Release 4.0"")","Evaluated Data","Neurosignal Recordings","Published","Submission not Allowed","2019-01-26T00:50:57.000+0000","2022-10-04T19:19:21.558+0000"
"abcd_tfsstr2semdp201","ABCD Task fMRI SST Run 2 SEM Destrieux Parcellations Part 2","c(""ABCD Release 2.0"", ""ABCD Release 3.0"", ""ABCD Release 4.0"")","Evaluated Data","Neurosignal Recordings","Published","Submission not Allowed","2019-01-26T00:52:55.000+0000","2022-10-04T19:19:21.558+0000"
"mrisstr2bwsem01","ABCD Task fMRI SST Run 2 Standard Error of the Mean","c(""ABCD Release 2.0"", ""ABCD Release 3.0"", ""ABCD Release 4.0"")","Evaluated Data","Neurosignal Recordings","Published","Submission not Allowed","2018-07-23T22:43:41.000+0000","2022-10-04T19:19:21.558+0000"
"abcd_sst_tlb01","ABCD Task fMRI SST Trial Level Behavior","c(""ABCD Release 3.0"", ""ABCD Release 4.0"")","Task Based","Neurosignal Recordings","Published","Submission not Allowed","2020-04-13T18:29:41.000+0000","2022-10-04T19:19:21.558+0000"
"nback_bwroi02","ABCD Task fMRI nBack Average Beta Weights","c(""ABCD Release 2.0"", ""ABCD Release 3.0"", ""ABCD Release 4.0"")","Evaluated Data","Neurosignal Recordings","Published","Submission not Allowed","2018-07-23T17:29:33.000+0000","2022-10-04T19:19:21.558+0000"
"abcd_tfabwdp101","ABCD Task fMRI nBack Average Beta Weights Destrieux Parcellations Part 1","c(""ABCD Release 2.0"", ""ABCD Release 3.0"", ""ABCD Release 4.0"")","Evaluated Data","Neurosignal Recordings","Published","Submission not Allowed","2019-01-25T21:50:47.000+0000","2022-10-04T19:19:21.558+0000"
"abcd_tfabwdp201","ABCD Task fMRI nBack Average Beta Weights Destrieux Parcellations Part 2","c(""ABCD Release 2.0"", ""ABCD Release 3.0"", ""ABCD Release 4.0"")","Evaluated Data","Neurosignal Recordings","Published","Submission not Allowed","2019-01-25T21:51:45.000+0000","2022-10-04T19:19:21.558+0000"
"abcd_tnbasemdp101","ABCD Task fMRI nBack Average SEM Destrieux Parcellations Part 1","c(""ABCD Release 2.0"", ""ABCD Release 3.0"", ""ABCD Release 4.0"")","Evaluated Data","Neurosignal Recordings","Published","Submission not Allowed","2019-01-25T22:52:26.000+0000","2022-10-04T19:19:21.558+0000"
"abcd_tnbasemdp201","ABCD Task fMRI nBack Average SEM Destrieux Parcellations Part 2","c(""ABCD Release 2.0"", ""ABCD Release 3.0"", ""ABCD Release 4.0"")","Evaluated Data","Neurosignal Recordings","Published","Submission not Allowed","2019-01-25T22:53:43.000+0000","2022-10-04T19:19:21.558+0000"
"nbackallsem01","ABCD Task fMRI nBack Average Standard Error of the Mean","c(""ABCD Release 2.0"", ""ABCD Release 3.0"", ""ABCD Release 4.0"")","Evaluated Data","Neurosignal Recordings","Published","Submission not Allowed","2018-07-23T17:50:56.000+0000","2022-10-04T19:19:21.558+0000"
"abcd_mrinback02","ABCD Task fMRI nBack Behavior","c(""ABCD Release 2.0"", ""ABCD Release 3.0"", ""ABCD Release 4.0"")","Task Based","Clinical Assessments","Published","Submission not Allowed","2018-06-29T20:38:00.000+0000","2022-10-04T19:19:21.558+0000"
"nbackr101","ABCD Task fMRI nBack Run 1 Beta Weights","c(""ABCD Release 2.0"", ""ABCD Release 3.0"", ""ABCD Release 4.0"")","Evaluated Data","Neurosignal Recordings","Published","Submission not Allowed","2018-07-23T18:20:05.000+0000","2022-10-04T19:19:21.558+0000"
"abcd_tfncr1bwdp101","ABCD Task fMRI nBack Run 1 Beta Weights Destrieux Parcellations Part 1","c(""ABCD Release 2.0"", ""ABCD Release 3.0"", ""ABCD Release 4.0"")","Evaluated Data","Neurosignal Recordings","Published","Submission not Allowed","2019-01-25T22:59:30.000+0000","2022-10-04T19:19:21.558+0000"
"abcd_tfncr1bwdp201","ABCD Task fMRI nBack Run 1 Beta Weights Destrieux Parcellations Part 2","c(""ABCD Release 2.0"", ""ABCD Release 3.0"", ""ABCD Release 4.0"")","Evaluated Data","Neurosignal Recordings","Published","Submission not Allowed","2019-01-25T23:00:47.000+0000","2022-10-04T19:19:21.558+0000"
"abcd_tfnbr1semdp101","ABCD Task fMRI nBack Run 1 SEM Destrieux Parcellations Part 1","c(""ABCD Release 2.0"", ""ABCD Release 3.0"", ""ABCD Release 4.0"")","Evaluated Data","Neurosignal Recordings","Published","Submission not Allowed","2019-01-25T23:18:04.000+0000","2022-10-04T19:19:21.558+0000"
"abcd_tfnbr1semdp201","ABCD Task fMRI nBack Run 1 SEM Destrieux Parcellations Part 2","c(""ABCD Release 2.0"", ""ABCD Release 3.0"", ""ABCD Release 4.0"")","Evaluated Data","Neurosignal Recordings","Published","Submission not Allowed","2019-01-25T23:19:26.000+0000","2022-10-04T19:19:21.558+0000"
"nbackr1sem01","ABCD Task fMRI nBack Run 1 Standard Error of the Mean","c(""ABCD Release 2.0"", ""ABCD Release 3.0"", ""ABCD Release 4.0"")","Evaluated Data","Neurosignal Recordings","Published","Submission not Allowed","2018-07-23T19:12:47.000+0000","2022-10-04T19:19:21.558+0000"
"nbackr201","ABCD Task fMRI nBack Run 2 Beta Weights","c(""ABCD Release 2.0"", ""ABCD Release 3.0"", ""ABCD Release 4.0"")","Evaluated Data","Neurosignal Recordings","Published","Submission not Allowed","2018-07-23T19:48:18.000+0000","2022-10-04T19:19:21.558+0000"
"abcd_tfnbr2bwdp101","ABCD Task fMRI nBack Run 2 Beta Weights Destrieux Parcellations Part 1","c(""ABCD Release 2.0"", ""ABCD Release 3.0"", ""ABCD Release 4.0"")","Evaluated Data","Neurosignal Recordings","Published","Submission not Allowed","2019-01-25T23:26:37.000+0000","2022-10-04T19:19:21.558+0000"
"abcd_tfnbr2bwdp201","ABCD Task fMRI nBack Run 2 Beta Weights Destrieux Parcellations Part 2","c(""ABCD Release 2.0"", ""ABCD Release 3.0"", ""ABCD Release 4.0"")","Evaluated Data","Neurosignal Recordings","Published","Submission not Allowed","2019-01-25T23:27:57.000+0000","2022-10-04T19:19:21.558+0000"
"abcd_tfnbr2dp101","ABCD Task fMRI nBack Run 2 SEM Destrieux Parcellations Part 1","c(""ABCD Release 2.0"", ""ABCD Release 3.0"", ""ABCD Release 4.0"")","Evaluated Data","Neurosignal Recordings","Published","Submission not Allowed","2019-01-25T23:35:07.000+0000","2022-10-04T19:19:21.558+0000"
"abcd_tfnbr2dp201","ABCD Task fMRI nBack Run 2 SEM Destrieux Parcellations Part 2","c(""ABCD Release 2.0"", ""ABCD Release 3.0"", ""ABCD Release 4.0"")","Evaluated Data","Neurosignal Recordings","Published","Submission not Allowed","2019-01-25T23:36:43.000+0000","2022-10-04T19:19:21.558+0000"
"nbackr2sem01","ABCD Task fMRI nBack Run 2 Standard Error of the Mean","c(""ABCD Release 2.0"", ""ABCD Release 3.0"", ""ABCD Release 4.0"")","Evaluated Data","Neurosignal Recordings","Published","Submission not Allowed","2018-07-09T22:34:50.000+0000","2022-10-04T19:19:21.558+0000"
"abcd_nbacktlb01","ABCD Task fMRI nBack Trial Level Behavior","c(""ABCD Release 3.0"", ""ABCD Release 4.0"")","Task Based","Neurosignal Recordings","Published","Submission not Allowed","2020-04-13T17:14:15.000+0000","2022-10-04T19:19:21.558+0000"
"led_school_part_201","ABCD The Stanford Education Data Archive (SEDA) part 2","ABCD Release 4.0","Linked Data","Clinical Assessments","Published","Submission not Allowed","2021-05-11T20:17:44.000+0000","2022-10-04T19:19:21.558+0000"
"led_school_part_301","ABCD The Stanford Education Data Archive (SEDA) part 3","ABCD Release 4.0","Linked Data","Clinical Assessments","Published","Submission not Allowed","2021-05-18T09:17:50.000+0000","2022-10-04T19:19:21.558+0000"
"led_school_part_401","ABCD The Stanford Education Data Archive (SEDA) part 4","ABCD Release 4.0","Linked Data","Clinical Assessments","Published","Submission not Allowed","2021-05-21T12:02:37.000+0000","2022-10-04T19:19:21.558+0000"
"led_school_part_501","ABCD The Stanford Education Data Archive (SEDA) part 5","ABCD Release 4.0","Linked Data","Clinical Assessments","Published","Submission not Allowed","2021-05-21T12:06:30.000+0000","2022-10-04T19:19:21.558+0000"
"led_school_part_101","ABCD The Stanford Education Data Archive(SEDA) Part 1","ABCD Release 4.0","Linked Data","Clinical Assessments","Published","Submission not Allowed","2021-05-11T20:13:33.000+0000","2022-10-04T19:19:21.558+0000"
"abcd_tlfb01","ABCD Timeline Follow-back Survey Calendar Scores (TLFB)","c(""ABCD Release 2.0"", ""ABCD Release 3.0"", ""ABCD Release 4.0"")","Substance Use","Clinical Assessments","Published","Submission not Allowed","2017-12-04T21:48:30.000+0000","2022-10-04T19:19:21.558+0000"
"abcd_tztab01","ABCD Twin Zygosity Rating","c(""ABCD Release 3.0"", ""ABCD Release 4.0"")","Phys Characteristics","Clinical Assessments","Published","Submission not Allowed","2019-01-12T21:15:19.000+0000","2022-10-04T19:19:21.558+0000"
"abcd_y7mi01","ABCD Youth 7-Up Mania Items","c(""ABCD Release 2.0"", ""ABCD Release 3.0"", ""ABCD Release 4.0"")","Mania","Clinical Assessments","Published","Submission not Allowed","2019-01-22T17:19:19.000+0000","2022-10-04T19:19:21.558+0000"
"yacc01","ABCD Youth Acculturation Survey Modified from PhenX (ACC)","c(""ABCD Release 2.0"", ""ABCD Release 3.0"", ""ABCD Release 4.0"")","Questionnaire","Clinical Assessments","Published","Submission not Allowed","2017-11-30T17:34:05.000+0000","2022-10-04T19:19:21.558+0000"
"abcd_yam01","ABCD Youth Alcohol Measures","c(""ABCD Release 2.0"", ""ABCD Release 3.0"", ""ABCD Release 4.0"")","Substance Use","Clinical Assessments","Published","Submission not Allowed","2019-01-22T17:17:31.000+0000","2022-10-04T19:19:21.558+0000"
"yalcs01","ABCD Youth Alcohol Screen","c(""ABCD Release 2.0"", ""ABCD Release 3.0"", ""ABCD Release 4.0"")","Phys Exam","Clinical Assessments","Published","Submission not Allowed","2017-11-08T21:45:51.000+0000","2022-10-04T19:19:21.558+0000"
"abcd_ant01","ABCD Youth Anthropometrics Modified From PhenX (ANT)","c(""ABCD Release 2.0"", ""ABCD Release 3.0"", ""ABCD Release 4.0"")","Phys Characteristics","Clinical Assessments","Published","Submission not Allowed","2017-11-30T18:15:02.000+0000","2022-10-04T19:19:21.558+0000"
"abcd_bisbas01","ABCD Youth Behavioral Inhibition/Behavioral Approach System Scales Modified from PhenX (BIS/BAS)","c(""ABCD Release 2.0"", ""ABCD Release 3.0"", ""ABCD Release 4.0"")","Questionnaire","Clinical Assessments","Published","Submission not Allowed","2017-11-30T18:58:10.000+0000","2022-10-04T19:19:21.558+0000"
"abcd_bkfs01","ABCD Youth Block Food Screen","c(""ABCD Release 3.0"", ""ABCD Release 4.0"")","Food","Clinical Assessments","Published","Submission not Allowed","2020-04-09T19:14:20.000+0000","2022-10-04T19:19:21.558+0000"
"abcd_ybd01","ABCD Youth Blood Analysis","c(""ABCD Release 3.0"", ""ABCD Release 4.0"")","Phys Exam","Clinical Assessments","Published","Submission not Allowed","2020-04-09T20:41:35.000+0000","2022-10-04T19:19:21.558+0000"
"abcd_bp01","ABCD Youth Blood Pressure","c(""ABCD Release 3.0"", ""ABCD Release 4.0"")","Phys Characteristics","Clinical Assessments","Published","Submission not Allowed","2020-04-06T21:09:35.000+0000","2022-10-04T19:19:21.558+0000"
"abcd_bpm01","ABCD Youth Brief Problem Monitor","c(""ABCD Release 2.0"", ""ABCD Release 3.0"", ""ABCD Release 4.0"")","Behavior","Clinical Assessments","Published","Submission not Allowed","2019-01-22T17:14:38.000+0000","2022-10-04T19:19:21.558+0000"
"abcd_ycrpf01","ABCD Youth Community Risk and Protective Factors","c(""ABCD Release 3.0"", ""ABCD Release 4.0"")","Substance Use","Clinical Assessments","Published","Submission not Allowed","2020-04-09T20:49:03.000+0000","2022-10-04T19:19:21.558+0000"
"abcd_yddss01","ABCD Youth Delay Discounting Sum Scores","c(""ABCD Release 2.0"", ""ABCD Release 3.0"", ""ABCD Release 4.0"")","Task Based","Clinical Assessments","Published","Submission not Allowed","2019-01-11T00:54:37.000+0000","2022-10-04T19:19:21.558+0000"
"alcohol_use_disorder01","ABCD Youth Diagnostic Interview for DSM-5 (KSADS) Alcohol Use Disorder Individual Questions","ABCD Release 4.0","Substance Use","Clinical Assessments","Published","Submission not Allowed","2021-05-14T12:00:28.000+0000","2022-10-04T19:19:21.558+0000"
"bipolar_disorders01","ABCD Youth Diagnostic Interview for DSM-5 (KSADS) Bipolar Disorders Individual Questions","ABCD Release 4.0","Mental Health","Clinical Assessments","Published","Submission not Allowed","2021-05-11T16:41:45.000+0000","2022-10-04T19:19:21.558+0000"
"conduct_disorder01","ABCD Youth Diagnostic Interview for DSM-5 (KSADS) Conduct Disorder Individual Questions","ABCD Release 4.0","Conduct Disorder","Clinical Assessments","Published","Submission not Allowed","2021-05-11T16:40:25.000+0000","2022-10-04T19:19:21.558+0000"
"disruptive_mood_dysreg01","ABCD Youth Diagnostic Interview for DSM-5 (KSADS) DMDD Individual Questions","ABCD Release 4.0","Emotions","Clinical Assessments","Published","Submission not Allowed","2021-05-11T16:34:02.000+0000","2022-10-04T19:19:21.558+0000"
"depressive_disorders01","ABCD Youth Diagnostic Interview for DSM-5 (KSADS) Depressive Disorders Individual Questions","ABCD Release 4.0","Mental Health","Clinical Assessments","Published","Submission not Allowed","2021-05-11T16:39:05.000+0000","2022-10-04T19:19:21.558+0000"
"drug_use_disorders01","ABCD Youth Diagnostic Interview for DSM-5 (KSADS) Drug Use Disorder Individual Questions","ABCD Release 4.0","Substance Use","Clinical Assessments","Published","Submission not Allowed","2021-05-14T12:06:17.000+0000","2022-10-04T19:19:21.558+0000"
"eating_disorders01","ABCD Youth Diagnostic Interview for DSM-5 (KSADS) Eating Disorders Individual Questions","ABCD Release 4.0","Eating Disorder","Clinical Assessments","Published","Submission not Allowed","2021-05-14T12:08:28.000+0000","2022-10-04T19:19:21.558+0000"
"generaled_anx_disorder01","ABCD Youth Diagnostic Interview for DSM-5 (KSADS) Generalized Anxiety Disorder Individual Questions","ABCD Release 4.0","Mental Health","Clinical Assessments","Published","Submission not Allowed","2021-05-11T16:32:42.000+0000","2022-10-04T19:19:21.558+0000"
"sleep_problems01","ABCD Youth Diagnostic Interview for DSM-5 (KSADS) Sleep Problems Individual Questions","ABCD Release 4.0","Sleep","Clinical Assessments","Published","Submission not Allowed","2021-05-11T16:22:44.000+0000","2022-10-04T19:19:21.558+0000"
"social_anxiety_disorder01","ABCD Youth Diagnostic Interview for DSM-5 (KSADS) Specific Anxiety Disorder Individual Questions","ABCD Release 4.0","Mental Health","Clinical Assessments","Published","Submission not Allowed","2021-05-21T12:10:53.000+0000","2022-10-04T19:19:21.558+0000"
"suicidality01","ABCD Youth Diagnostic Interview for DSM-5 (KSADS) Suicidality Individual Questions","ABCD Release 4.0","Suicidality","Clinical Assessments","Published","Submission not Allowed","2021-05-11T16:21:45.000+0000","2022-10-04T19:19:21.558+0000"
"abcd_ksad501","ABCD Youth Diagnostic Interview for DSM-5 5 (KSADS-5)","c(""ABCD Release 2.0"", ""ABCD Release 3.0"", ""ABCD Release 4.0"")","Diagnostic","Clinical Assessments","Published","Submission not Allowed","2017-12-04T22:01:37.000+0000","2022-10-04T19:19:21.558+0000"
"abcd_yksad01","ABCD Youth Diagnostic Interview for DSM-5 Background Items 5 (KSADS-5)","c(""ABCD Release 2.0"", ""ABCD Release 3.0"", ""ABCD Release 4.0"")","Social Adjustment","Clinical Assessments","Published","Submission not Allowed","2017-11-30T21:10:54.000+0000","2022-10-04T19:19:21.558+0000"
"abcd_ydmes01","ABCD Youth Discrimination Measure","c(""ABCD Release 2.0"", ""ABCD Release 3.0"", ""ABCD Release 4.0"")","Social Adjustment","Clinical Assessments","Published","Submission not Allowed","2019-01-18T23:27:13.000+0000","2022-10-04T19:19:21.558+0000"
"abcd_ehis01","ABCD Youth Edinburgh Handedness Inventory Short Form (EHIS)","c(""ABCD Release 2.0"", ""ABCD Release 3.0"", ""ABCD Release 4.0"")","Cognitive","Clinical Assessments","Published","Submission not Allowed","2017-11-30T20:08:03.000+0000","2022-10-04T19:19:21.558+0000"
"abcd_yest01","ABCD Youth Emotional Stroop Task","c(""ABCD Release 2.0"", ""ABCD Release 3.0"", ""ABCD Release 4.0"")","Task Based","Clinical Assessments","Published","Submission not Allowed","2019-01-22T17:40:04.000+0000","2022-10-04T19:19:21.558+0000"
"abcd_fes01","ABCD Youth Family Environment Scale-Family Conflict Subscale Modified from PhenX (FES)","c(""ABCD Release 2.0"", ""ABCD Release 3.0"", ""ABCD Release 4.0"")","Parenting","Clinical Assessments","Published","Submission not Allowed","2017-11-30T20:36:38.000+0000","2022-10-04T19:19:21.558+0000"
"abcd_yfb01","ABCD Youth Fitbit Baseline","c(""ABCD Release 2.0"", ""ABCD Release 3.0"", ""ABCD Release 4.0"")","Questionnaire","Clinical Assessments","Published","Submission not Allowed","2019-01-18T23:25:03.000+0000","2022-10-04T19:19:21.558+0000"
"abcd_fbdpas01","ABCD Youth Fitbit Daily Physical Activity Summaries","c(""ABCD Release 3.0"", ""ABCD Release 4.0"")","Activity","Clinical Assessments","Published","Submission not Allowed","2020-04-08T19:07:55.000+0000","2022-10-04T19:19:21.558+0000"
"abcd_fbdss01","ABCD Youth Fitbit Daily Sleep Summaries","c(""ABCD Release 3.0"", ""ABCD Release 4.0"")","Sleep","Clinical Assessments","Published","Submission not Allowed","2020-04-08T19:15:17.000+0000","2022-10-04T19:19:21.558+0000"
"abcd_yff01","ABCD Youth Fitbit Followup","c(""ABCD Release 2.0"", ""ABCD Release 3.0"", ""ABCD Release 4.0"")","Questionnaire","Clinical Assessments","Published","Submission not Allowed","2019-01-18T23:24:09.000+0000","2022-10-04T19:19:21.558+0000"
"abcd_fbwpas01","ABCD Youth Fitbit Weekly Physical Activity Summaries","c(""ABCD Release 3.0"", ""ABCD Release 4.0"")","Activity","Clinical Assessments","Published","Submission not Allowed","2020-04-08T20:40:29.000+0000","2022-10-04T19:19:21.558+0000"
"abcd_fbwss01","ABCD Youth Fitbit Weekly Sleep Summaries","c(""ABCD Release 3.0"", ""ABCD Release 4.0"")","Sleep","Clinical Assessments","Published","Submission not Allowed","2020-04-08T20:45:49.000+0000","2022-10-04T19:19:21.558+0000"
"abcd_ygi01","ABCD Youth Gender Identity","c(""ABCD Release 2.0"", ""ABCD Release 3.0"", ""ABCD Release 4.0"")","Questionnaire","Clinical Assessments","Published","Submission not Allowed","2019-01-18T23:22:47.000+0000","2022-10-04T19:19:21.558+0000"
"biocf01","ABCD Youth Genetic Blood (RUCDR)","c(""ABCD Release 2.0"", ""ABCD Release 3.0"", ""ABCD Release 4.0"")","Phys Exam","Clinical Assessments","Published","Submission not Allowed","2017-11-20T18:34:34.000+0000","2022-10-04T19:19:21.558+0000"
"abcd_ygs01","ABCD Youth Genetic Saliva (RUCDR)","c(""ABCD Release 2.0"", ""ABCD Release 3.0"", ""ABCD Release 4.0"")","Phys Exam","Clinical Assessments","Published","Submission not Allowed","2017-11-30T20:54:46.000+0000","2022-10-04T19:19:21.558+0000"
"abcd_gish2y01","ABCD Youth Gish2","c(""ABCD Release 3.0"", ""ABCD Release 4.0"")","Relationships","Clinical Assessments","Published","Submission not Allowed","2020-04-08T20:59:08.000+0000","2022-10-04T19:19:21.558+0000"
"abcd_yhr01","ABCD Youth Hair Results","c(""ABCD Release 2.0"", ""ABCD Release 3.0"", ""ABCD Release 4.0"")","Substance Use","Clinical Assessments","Published","Submission not Allowed","2019-01-12T15:34:53.000+0000","2022-10-04T19:19:21.558+0000"
"abcd_hers01","ABCD Youth Hair Sample","c(""ABCD Release 2.0"", ""ABCD Release 3.0"", ""ABCD Release 4.0"")","Substance Use","Clinical Assessments","Published","Submission not Allowed","2017-11-30T20:57:53.000+0000","2022-10-04T19:19:21.558+0000"
"abcd_yle01","ABCD Youth Life Events","c(""ABCD Release 2.0"", ""ABCD Release 3.0"", ""ABCD Release 4.0"")","Life Events","Clinical Assessments","Published","Submission not Allowed","2019-01-18T23:13:22.000+0000","2022-10-04T19:19:21.558+0000"
"abcd_ymidm01","ABCD Youth Marijuana Illicit Drug Measures","c(""ABCD Release 2.0"", ""ABCD Release 3.0"", ""ABCD Release 4.0"")","Substance Use","Clinical Assessments","Published","Submission not Allowed","2019-01-18T23:21:33.000+0000","2022-10-04T19:19:21.558+0000"
"abcd_macvsy01","ABCD Youth Mexican American Cultural Values Scale","c(""ABCD Release 3.0"", ""ABCD Release 4.0"")","Questionnaire","Clinical Assessments","Published","Submission not Allowed","2020-04-08T21:03:01.000+0000","2022-10-04T19:19:21.558+0000"
"abcd_ymypisu01","ABCD Youth Mid Year Phone Interview Substance Use","c(""ABCD Release 2.0"", ""ABCD Release 3.0"", ""ABCD Release 4.0"")","Substance Use","Clinical Assessments","Published","Submission not Allowed","2019-01-12T19:01:52.000+0000","2022-10-04T19:19:21.558+0000"
"abcd_mtpay01","ABCD Youth Mobil Tech Postassessment","c(""ABCD Release 3.0"", ""ABCD Release 4.0"")","Questionnaire","Clinical Assessments","Published","Submission not Allowed","2020-04-09T15:28:31.000+0000","2022-10-04T19:19:21.558+0000"
"abcd_mtpry01","ABCD Youth Mobil Tech Preassessment","c(""ABCD Release 3.0"", ""ABCD Release 4.0"")","Questionnaire","Clinical Assessments","Published","Submission not Allowed","2020-04-09T17:33:09.000+0000","2022-10-04T19:19:21.558+0000"
"abcd_monet01","ABCD Youth Monetary Incentive Delay Task Survey Post Scan Questionnaire","c(""ABCD Release 2.0"", ""ABCD Release 3.0"", ""ABCD Release 4.0"")","Task Based","Clinical Assessments","Published","Submission not Allowed","2017-11-30T21:47:51.000+0000","2022-10-04T19:19:21.558+0000"
"abcd_mcqc01","ABCD Youth Munich Chronotype Questionnaire","c(""ABCD Release 3.0"", ""ABCD Release 4.0"")","Questionnaire","Clinical Assessments","Published","Submission not Allowed","2020-04-09T18:07:17.000+0000","2022-10-04T19:19:21.558+0000"
"abcd_tbss01","ABCD Youth NIH TB Summary Scores","c(""ABCD Release 2.0"", ""ABCD Release 3.0"", ""ABCD Release 4.0"")","Cognitive","Clinical Assessments","Published","Submission not Allowed","2017-11-30T22:04:25.000+0000","2022-10-04T19:19:21.558+0000"
"abcd_ytbpai01","ABCD Youth NIH Toolbox Positive Affect Items","c(""ABCD Release 2.0"", ""ABCD Release 3.0"", ""ABCD Release 4.0"")","Cognitive","Clinical Assessments","Published","Submission not Allowed","2019-01-18T23:14:50.000+0000","2022-10-04T19:19:21.558+0000"
"abcd_nsc01","ABCD Youth Neighborhood Safety/Crime Survey Modified from PhenX (NSC)","c(""ABCD Release 2.0"", ""ABCD Release 3.0"", ""ABCD Release 4.0"")","Questionnaire","Clinical Assessments","Published","Submission not Allowed","2017-11-30T21:56:03.000+0000","2022-10-04T19:19:21.558+0000"
"neurocog_youth_session01","ABCD Youth Neurognition Survey Session","ABCD Release 4.0","Cognitive","Clinical Assessments","Published","Submission not Allowed","2021-05-18T09:21:05.000+0000","2022-10-04T19:19:21.558+0000"
"abcd_yn01","ABCD Youth Nicalert","c(""ABCD Release 2.0"", ""ABCD Release 3.0"", ""ABCD Release 4.0"")","Phys Exam","Clinical Assessments","Published","Submission not Allowed","2019-01-18T23:18:54.000+0000","2022-10-04T19:19:21.558+0000"
"abcd_ynm01","ABCD Youth Nicotine Measures","c(""ABCD Release 2.0"", ""ABCD Release 3.0"", ""ABCD Release 4.0"")","Substance Use","Clinical Assessments","Published","Submission not Allowed","2019-01-18T23:16:30.000+0000","2022-10-04T19:19:21.558+0000"
"abcd_plus01","ABCD Youth Participant Last Use Survey Day 1 2 3 4 (PLUS)","c(""ABCD Release 2.0"", ""ABCD Release 3.0"", ""ABCD Release 4.0"")","Questionnaire","Clinical Assessments","Published","Submission not Allowed","2017-12-01T22:22:58.000+0000","2022-10-04T19:19:21.558+0000"
"abcd_pbp01","ABCD Youth Peer Behavior Profile","c(""ABCD Release 3.0"", ""ABCD Release 4.0"")","Personality","Clinical Assessments","Published","Submission not Allowed","2020-04-09T19:48:55.000+0000","2022-10-04T19:19:21.558+0000"
"abcd_pnhps01","ABCD Youth Peer Network Health Protective Scaler","c(""ABCD Release 3.0"", ""ABCD Release 4.0"")","Activity","Clinical Assessments","Published","Submission not Allowed","2020-04-09T20:07:17.000+0000","2022-10-04T19:19:21.558+0000"
"abcd_ypsq201","ABCD Youth Post Scan Questionnaire  2","c(""ABCD Release 2.0"", ""ABCD Release 3.0"", ""ABCD Release 4.0"")","Questionnaire","Clinical Assessments","Published","Submission not Allowed","2017-12-01T22:28:12.000+0000","2022-10-04T19:19:21.558+0000"
"abcd_ypsq101","ABCD Youth Post Scan Questionnaire 1","c(""ABCD Release 2.0"", ""ABCD Release 3.0"", ""ABCD Release 4.0"")","Questionnaire","Clinical Assessments","Published","Submission not Allowed","2017-12-01T22:26:29.000+0000","2022-10-04T19:19:21.558+0000"
"abcd_ypre101","ABCD Youth Pre Scan Questionnaire 1","c(""ABCD Release 2.0"", ""ABCD Release 3.0"", ""ABCD Release 4.0"")","Questionnaire","Clinical Assessments","Published","Submission not Allowed","2017-12-01T22:30:27.000+0000","2022-10-04T19:19:21.558+0000"
"abcd_ypre201","ABCD Youth Pre Scan Questionnaire 2","c(""ABCD Release 2.0"", ""ABCD Release 3.0"", ""ABCD Release 4.0"")","Questionnaire","Clinical Assessments","Published","Submission not Allowed","2017-12-01T22:32:04.000+0000","2022-10-04T19:19:21.558+0000"
"abcd_ypdms01","ABCD Youth Pubertal Development Scale and Menstrual Cycle Survey History (PDMS)","c(""ABCD Release 2.0"", ""ABCD Release 3.0"", ""ABCD Release 4.0"")","Phys Characteristics","Clinical Assessments","Published","Submission not Allowed","2017-12-04T15:33:12.000+0000","2022-10-04T19:19:21.558+0000"
"abcd_prepost01","ABCD Youth Rescan Monetary Incentive Delay Task Survey Post Scan Questionnaire","c(""ABCD Release 2.0"", ""ABCD Release 3.0"", ""ABCD Release 4.0"")","Task Based","Clinical Assessments","Published","Submission not Allowed","2017-12-04T22:03:18.000+0000","2022-10-04T19:19:21.558+0000"
"abcd_ysaag01","ABCD Youth School Attendance and Grades","c(""ABCD Release 3.0"", ""ABCD Release 4.0"")","Questionnaire","Clinical Assessments","Published","Submission not Allowed","2020-04-09T20:51:24.000+0000","2022-10-04T19:19:21.558+0000"
"abcd_stq01","ABCD Youth Screen Time Survey (STQ)","c(""ABCD Release 2.0"", ""ABCD Release 3.0"", ""ABCD Release 4.0"")","Questionnaire","Clinical Assessments","Published","Submission not Allowed","2017-12-04T16:29:40.000+0000","2022-10-04T19:19:21.558+0000"
"abcd_svs01","ABCD Youth Snellen Vision Screener (SVS)","c(""ABCD Release 2.0"", ""ABCD Release 3.0"", ""ABCD Release 4.0"")","Phys Exam","Clinical Assessments","Published","Submission not Allowed","2017-12-04T16:35:54.000+0000","2022-10-04T19:19:21.558+0000"
"abcd_ysua01","ABCD Youth Substance Use Attitudes","c(""ABCD Release 2.0"", ""ABCD Release 3.0"", ""ABCD Release 4.0"")","Substance Use","Clinical Assessments","Published","Submission not Allowed","2019-01-18T23:08:44.000+0000","2022-10-04T19:19:21.558+0000"
"abcd_ysu02","ABCD Youth Substance Use Interview","c(""ABCD Release 2.0"", ""ABCD Release 3.0"", ""ABCD Release 4.0"")","Substance Use","Clinical Assessments","Published","Submission not Allowed","2018-07-20T19:41:33.000+0000","2022-10-04T19:19:21.558+0000"
"abcd_ysuip01","ABCD Youth Substance Use Introduction and Patterns","c(""ABCD Release 2.0"", ""ABCD Release 3.0"", ""ABCD Release 4.0"")","Substance Use","Clinical Assessments","Published","Submission not Allowed","2019-01-22T17:59:21.000+0000","2022-10-04T19:19:21.558+0000"
"abcd_yssbpm01","ABCD Youth Summary Scores BPM and POA","c(""ABCD Release 2.0"", ""ABCD Release 3.0"", ""ABCD Release 4.0"")","Behavior","Clinical Assessments","Published","Submission not Allowed","2019-01-11T00:46:11.000+0000","2022-10-04T19:19:21.558+0000"
"bteeth01","ABCD Youth Teeth Collection","c(""ABCD Release 3.0"", ""ABCD Release 4.0"")","Phys Characteristics","Clinical Assessments","Published","Submission not Allowed","2020-04-06T21:06:20.000+0000","2022-10-04T19:19:21.558+0000"
"abcd_ytt01","ABCD Youth Toxicology Test","c(""ABCD Release 2.0"", ""ABCD Release 3.0"", ""ABCD Release 4.0"")","Phys Exam","Clinical Assessments","Published","Submission not Allowed","2017-12-04T21:50:06.000+0000","2022-10-04T19:19:21.558+0000"
"vancouver_identity_accult01","ABCD Youth Vancouver Index of Acculturation","ABCD Release 4.0","Social Adjustment","Clinical Assessments","Published","Submission not Allowed","2021-05-11T16:04:05.000+0000","2022-10-04T19:19:21.558+0000"
"abcd_ywpss01","ABCD Youth Wills Problem Solving Scale","c(""ABCD Release 2.0"", ""ABCD Release 3.0"", ""ABCD Release 4.0"")","Behavior","Clinical Assessments","Published","Submission not Allowed","2019-01-09T22:45:24.000+0000","2022-10-04T19:19:21.558+0000"
"abcd_yrb01","ABCD Youth Youth Risk Behavior Survey Exercise Physical Activity (YRB)","c(""ABCD Release 2.0"", ""ABCD Release 3.0"", ""ABCD Release 4.0"")","Activity","Clinical Assessments","Published","Submission not Allowed","2017-12-04T22:06:37.000+0000","2022-10-04T19:19:21.558+0000"
"abcd_ddtidp101","ABCD dMRI DTI Destrieux Parcellations Part 1","c(""ABCD Release 2.0"", ""ABCD Release 3.0"", ""ABCD Release 4.0"")","Evaluated Data","Neurosignal Recordings","Published","Submission not Allowed","2019-01-24T22:04:09.000+0000","2022-10-04T19:19:21.558+0000"
"abcd_ddtidp201","ABCD dMRI DTI Destrieux Parcellations Part 2","c(""ABCD Release 2.0"", ""ABCD Release 3.0"", ""ABCD Release 4.0"")","Evaluated Data","Neurosignal Recordings","Published","Submission not Allowed","2019-01-24T22:07:14.000+0000","2022-10-04T19:19:21.558+0000"
"abcd_ddtifp101","ABCD dMRI DTI Full Destrieux Parcellation Part 1","c(""ABCD Release 2.0"", ""ABCD Release 3.0"", ""ABCD Release 4.0"")","Evaluated Data","Neurosignal Recordings","Published","Submission not Allowed","2019-01-24T22:50:52.000+0000","2022-10-04T19:19:21.558+0000"
"abcd_ddtifp201","ABCD dMRI DTI Full Destrieux Parcellation Part 2","c(""ABCD Release 2.0"", ""ABCD Release 3.0"", ""ABCD Release 4.0"")","Evaluated Data","Neurosignal Recordings","Published","Submission not Allowed","2019-01-24T22:52:29.000+0000","2022-10-04T19:19:21.558+0000"
"abcd_dmdtifp101","ABCD dMRI DTI Full Part 1","c(""ABCD Release 2.0"", ""ABCD Release 3.0"", ""ABCD Release 4.0"")","Evaluated Data","Neurosignal Recordings","Published","Submission not Allowed","2019-01-24T23:45:39.000+0000","2022-10-04T19:19:21.558+0000"
"abcd_dmdtifp201","ABCD dMRI DTI Full Part 2","c(""ABCD Release 2.0"", ""ABCD Release 4.0"")","Evaluated Data","Neurosignal Recordings","Published","Submission not Allowed","2019-01-24T23:47:15.000+0000","2022-10-04T19:19:21.558+0000"
"abcd_dti_p101","ABCD dMRI DTI Part 1","c(""ABCD Release 2.0"", ""ABCD Release 3.0"", ""ABCD Release 4.0"")","Evaluated Data","Neurosignal Recordings","Published","Submission not Allowed","2018-06-29T21:26:00.000+0000","2022-10-04T19:19:21.558+0000"
"abcd_dti_p201","ABCD dMRI DTI Part 2","c(""ABCD Release 2.0"", ""ABCD Release 3.0"", ""ABCD Release 4.0"")","Evaluated Data","Neurosignal Recordings","Published","Submission not Allowed","2018-06-29T21:41:40.000+0000","2022-10-04T19:19:21.558+0000"
"abcd_drsip501","ABCD dMRI RSI Part 5","ABCD Release 4.0","Evaluated Data","Neurosignal Recordings","Published","Submission not Allowed","2021-06-25T08:24:21.000+0000","2022-10-04T19:19:21.558+0000"
"abcd_drsip601","ABCD dMRI RSI Part 6","ABCD Release 4.0","Evaluated Data","Neurosignal Recordings","Published","Submission not Allowed","2021-06-25T08:44:52.000+0000","2022-10-04T19:19:21.558+0000"
"abcd_mrirsfd01","ABCD rsfMRI Destrieux","c(""ABCD Release 2.0"", ""ABCD Release 3.0"", ""ABCD Release 4.0"")","Evaluated Data","Neurosignal Recordings","Published","Submission not Allowed","2019-01-25T18:22:14.000+0000","2022-10-04T19:19:21.558+0000"
"abcd_betnet02","ABCD rsfMRI Gordon Network Correlations","c(""ABCD Release 2.0"", ""ABCD Release 3.0"", ""ABCD Release 4.0"")","Evaluated Data","Neurosignal Recordings","Published","Submission not Allowed","2018-07-02T19:51:01.000+0000","2022-10-04T19:19:21.558+0000"
"mrirscor02","ABCD rsfMRI Network to Subcortical ROI Correlations","c(""ABCD Release 2.0"", ""ABCD Release 3.0"", ""ABCD Release 4.0"")","Evaluated Data","Neurosignal Recordings","Published","Submission not Allowed","2018-07-02T16:46:15.000+0000","2022-10-04T19:19:21.558+0000"
"abcd_mrirstv02","ABCD rsfMRI Temporal Variance","c(""ABCD Release 2.0"", ""ABCD Release 3.0"", ""ABCD Release 4.0"")","Evaluated Data","Neurosignal Recordings","Published","Submission not Allowed","2018-07-02T19:42:32.000+0000","2022-10-04T19:19:21.558+0000"
"abcd_mrisdp30201","ABCD sMRI Destrieux Parcellation Part 3","ABCD Release 4.0","Evaluated Data","Neurosignal Recordings","Published","Submission not Allowed","2021-06-25T09:17:03.000+0000","2022-10-04T19:19:21.558+0000"
"abcd_smrip30201","ABCD sMRI Part 3","ABCD Release 4.0","Evaluated Data","Neurosignal Recordings","Published","Submission not Allowed","2021-06-25T09:40:03.000+0000","2022-10-04T19:19:21.558+0000"
"abcd_t2wqc01","ABCD sMRI T2w Post Processing QC","ABCD Release 4.0","Evaluated Data","Neurosignal Recordings","Published","Submission not Allowed","2021-06-25T09:42:03.000+0000","2022-10-04T19:19:21.558+0000"
"abcd_auto_postqc01","Automated Post-Processing QC Metrics","c(""ABCD Release 3.0"", ""ABCD Release 4.0"")","Evaluated Data","Neurosignal Recordings","Published","Submission not Allowed","2020-03-04T22:34:44.000+0000","2022-10-04T19:19:21.558+0000"
"genomics_sample03","Genomics Sample","c(""ABCD Release 2.0"", ""ABCD Release 3.0"", ""ABCD Release 4.0"", ""NDA"")","Omics","Omics","Published","Submission Allowed","2011-06-29T20:32:51.499+0000","2022-10-04T19:19:21.558+0000"
"mriqcrp10301","MRI  QC Raw Part 1","ABCD Release 4.0","Evaluated Data","Neurosignal Recordings","Published","Submission not Allowed","2021-06-25T16:12:32.000+0000","2022-10-04T19:19:21.558+0000"
"mriqcrp20301","MRI  QC Raw Part 2","ABCD Release 4.0","Evaluated Data","Neurosignal Recordings","Published","Submission not Allowed","2021-06-25T16:19:06.000+0000","2022-10-04T19:19:21.558+0000"
"mriqcrp302","MRI QC Raw Part 3","c(""ABCD Release 2.0"", ""ABCD Release 3.0"", ""ABCD Release 4.0"")","Evaluated Data","Neurosignal Recordings","Published","Submission not Allowed","2019-01-25T17:21:15.000+0000","2022-10-04T19:19:21.558+0000"
"abcd_fmriqc01","Manual  fMRI Post-Processing QC","ABCD Release 4.0","Evaluated Data","Neurosignal Recordings","Published","Submission not Allowed","2021-06-25T09:55:44.000+0000","2022-10-04T19:19:21.558+0000"
"aurora01","Mobile Data","c(""ABCD Release 2.0"", ""ABCD Release 3.0"", ""ABCD Release 4.0"", ""NDA"")","Activity","Neurosignal Recordings","Published","Submission not Allowed","2017-06-01T17:12:40.000+0000","2022-10-04T19:19:21.558+0000"
"pabcdcovid19questionnaire01","Parent ABCD COVID-19 Questionnaire","c(""ABCD Release 3.0"", ""ABCD Release 4.0"")","Questionnaire","Clinical Assessments","Published","Submission Allowed","2020-11-03T20:30:56.000+0000","2022-10-04T19:19:21.558+0000"
"psb01","Parent Prosocial Behavior Survey","c(""ABCD Release 2.0"", ""ABCD Release 3.0"", ""ABCD Release 4.0"")","Behavior","Clinical Assessments","Published","Submission not Allowed","2017-12-29T18:31:08.000+0000","2022-10-04T19:19:21.558+0000"
"fmriresults01","Processed MRI Data","c(""ABCD Release 2.0"", ""ABCD Release 3.0"", ""ABCD Release 4.0"", ""NDA"")","Evaluated Data","Neurosignal Recordings","Published","Submission Allowed",NA,"2022-10-04T19:19:21.558+0000"
"abcd_rhds01","Residential History Derived Scores","c(""ABCD Release 2.0"", ""ABCD Release 3.0"", ""ABCD Release 4.0"")","Socioeconomic","Clinical Assessments","Published","Submission not Allowed","2018-01-11T21:51:37.000+0000","2022-10-04T19:19:21.558+0000"
"abcd_socdev_child_alabam01","Social Development Child Alabama Parenting Questionnaire","c(""ABCD Release 3.0"", ""ABCD Release 4.0"")","Parenting","Clinical Assessments","Published","Submission not Allowed","2020-05-26T20:43:46.000+0000","2022-10-04T19:19:21.558+0000"
"abcd_socdev_child_emr01","Social Development Child Difficulties in Emotion Regulation","c(""ABCD Release 3.0"", ""ABCD Release 4.0"")","Emotions","Clinical Assessments","Published","Submission not Allowed","2020-05-26T21:21:35.000+0000","2022-10-04T19:19:21.558+0000"
"abcd_socdev_child_fb01","Social Development Child Feedback","c(""ABCD Release 3.0"", ""ABCD Release 4.0"")","Questionnaire","Clinical Assessments","Published","Submission not Allowed","2020-05-26T21:26:17.000+0000","2022-10-04T19:19:21.558+0000"
"abcd_socdev_child_fa01","Social Development Child Firearms","c(""ABCD Release 3.0"", ""ABCD Release 4.0"")","Questionnaire","Clinical Assessments","Published","Submission not Allowed","2020-05-26T21:35:48.000+0000","2022-10-04T19:19:21.558+0000"
"abcd_socdev_child_pb01","Social Development Child Peer Behavior","c(""ABCD Release 3.0"", ""ABCD Release 4.0"")","Relationships","Clinical Assessments","Published","Submission not Allowed","2020-05-26T21:38:31.000+0000","2022-10-04T19:19:21.558+0000"
"abcd_socdev_child_pdis01","Social Development Child Personality Disposition","c(""ABCD Release 3.0"", ""ABCD Release 4.0"")","Personality","Clinical Assessments","Published","Submission not Allowed","2020-05-26T21:44:08.000+0000","2022-10-04T19:19:21.558+0000"
"abcd_socdev_child_rde01","Social Development Child Reported Delinquency","c(""ABCD Release 3.0"", ""ABCD Release 4.0"")","Questionnaire","Clinical Assessments","Published","Submission not Allowed","2020-05-26T22:01:46.000+0000","2022-10-04T19:19:21.558+0000"
"abcd_socdev_child_vic01","Social Development Child Victimization","c(""ABCD Release 3.0"", ""ABCD Release 4.0"")","Trauma","Clinical Assessments","Published","Submission not Allowed","2020-05-28T17:00:34.000+0000","2022-10-04T19:19:21.558+0000"
"abcd_socdev_ctr01","Social Development Contact Track","c(""ABCD Release 3.0"", ""ABCD Release 4.0"")","Questionnaire","Clinical Assessments","Published","Submission not Allowed","2020-05-28T17:29:48.000+0000","2022-10-04T19:19:21.558+0000"
"abcd_socdev_p_alabama01","Social Development Parent Alabama Parenting Questionnaire","c(""ABCD Release 3.0"", ""ABCD Release 4.0"")","Parenting","Clinical Assessments","Published","Submission not Allowed","2020-05-28T17:38:28.000+0000","2022-10-04T19:19:21.558+0000"
"abcd_socdev_p_emr01","Social Development Parent Difficulties in Emotion Regulation","c(""ABCD Release 3.0"", ""ABCD Release 4.0"")","Emotions","Clinical Assessments","Published","Submission not Allowed","2020-05-28T18:07:15.000+0000","2022-10-04T19:19:21.558+0000"
"abcd_socdev_p_fb01","Social Development Parent Feedback","c(""ABCD Release 3.0"", ""ABCD Release 4.0"")","Questionnaire","Clinical Assessments","Published","Submission not Allowed","2020-05-28T18:12:56.000+0000","2022-10-04T19:19:21.558+0000"
"abcd_socdev_p_fa01","Social Development Parent Firearms","c(""ABCD Release 3.0"", ""ABCD Release 4.0"")","Questionnaire","Clinical Assessments","Published","Submission not Allowed","2020-05-28T18:56:51.000+0000","2022-10-04T19:19:21.558+0000"
"abcd_socdev_p_nbh01","Social Development Parent Neighborhood","c(""ABCD Release 3.0"", ""ABCD Release 4.0"")","Social Adjustment","Clinical Assessments","Published","Submission not Allowed","2020-05-28T19:25:22.000+0000","2022-10-04T19:19:21.558+0000"
"abcd_socdev_p_pdis01","Social Development Parent Personality Disposition","c(""ABCD Release 3.0"", ""ABCD Release 4.0"")","Personality","Clinical Assessments","Published","Submission not Allowed","2020-05-28T19:36:03.000+0000","2022-10-04T19:19:21.558+0000"
"abcd_socdev_p_rde01","Social Development Parent Reported Delinquency","c(""ABCD Release 3.0"", ""ABCD Release 4.0"")","Questionnaire","Clinical Assessments","Published","Submission not Allowed","2020-05-28T20:19:33.000+0000","2022-10-04T19:19:21.558+0000"
"abcd_socdev_p_vic01","Social Development Parent Victimization","c(""ABCD Release 3.0"", ""ABCD Release 4.0"")","Trauma","Clinical Assessments","Published","Submission not Allowed","2020-05-28T21:51:33.000+0000","2022-10-04T19:19:21.558+0000"
"abcd_socdev_vt01","Social Development Visit Type","c(""ABCD Release 3.0"", ""ABCD Release 4.0"")","Questionnaire","Clinical Assessments","Published","Submission not Allowed","2020-05-28T21:23:33.000+0000","2022-10-04T19:19:21.558+0000"
"abcd_mhp02","Sum Scores Mental Health Parent","c(""ABCD Release 2.0"", ""ABCD Release 3.0"", ""ABCD Release 4.0"")","Summary","Clinical Assessments","Published","Submission not Allowed","2019-01-12T20:27:22.000+0000","2022-10-04T19:19:21.558+0000"
"abcd_mhy02","Sum Scores Mental Health Youth","c(""ABCD Release 2.0"", ""ABCD Release 3.0"", ""ABCD Release 4.0"")","Summary","Clinical Assessments","Published","Submission not Allowed","2019-01-12T20:51:47.000+0000","2022-10-04T19:19:21.558+0000"
"abcd_upps01","UPPS-P for Children Short Form (ABCD-version)","c(""ABCD Release 2.0"", ""ABCD Release 3.0"", ""ABCD Release 4.0"")","Personality","Clinical Assessments","Published","Submission not Allowed","2017-12-04T21:52:04.000+0000","2022-10-04T19:19:21.558+0000"
"yabcdcovid19questionnaire01","Youth ABCD COVID-19 Questionnaire","c(""ABCD Release 3.0"", ""ABCD Release 4.0"")","Questionnaire","Clinical Assessments","Published","Submission Allowed","2020-11-03T20:31:49.000+0000","2022-10-04T19:19:21.558+0000"
"abcd_psb01","Youth Prosocial Behavior Survey","c(""ABCD Release 2.0"", ""ABCD Release 3.0"", ""ABCD Release 4.0"")","Behavior","Clinical Assessments","Published","Submission not Allowed","2017-12-29T18:33:39.000+0000","2022-10-04T19:19:21.558+0000"
